ply
format ascii 1.0
element vertex 3865
property float x
property float y
property float z
property uchar red
property uchar green
property uchar blue
end_header
-0.716666 -0.736481 2.73659 255 255 255
-0.69337 -0.779459 2.73104 255 255 255
-0.649583 -0.708514 2.68659 255 255 255
-0.651331 -0.662634 2.6941 255 255 255
-0.655997 -0.78668 2.72202 255 255 255
-0.648411 -0.660491 2.6945 255 255 255
-0.655196 -0.820449 2.73788 255 255 255
-0.650238 -0.796163 2.7252 255 255 255
-0.63405 -0.669004 2.69013 255 255 255
-0.644364 -0.816175 2.7348 255 255 255
-0.644016 -0.816015 2.73425 255 255 255
-0.623207 -0.686831 2.68502 255 255 255
-0.620779 -0.690288 2.68483 255 255 255
-0.617161 -0.763587 2.68928 255 255 255
-0.614277 -0.763205 2.68983 255 255 255
-0.612928 -0.742851 2.68643 255 255 255
-0.609654 -0.77203 2.6928 255 255 255
-0.604959 -0.739983 2.68546 255 255 255
-0.604853 -0.744275 2.68856 255 255 255
-0.603467 -0.734166 2.68915 255 255 255
-0.603467 -0.734166 2.68915 255 255 255
-0.604052 -0.773129 2.69333 255 255 255
-0.596912 -0.770704 2.69545 255 255 255
-0.597848 -0.787287 2.70058 255 255 255
-0.589513 -0.706385 2.68982 255 255 255
-0.590312 -0.773131 2.6977 255 255 255
-0.586245 -0.774211 2.69863 255 255 255
-0.581637 -0.698029 2.68508 255 255 255
-0.566389 -0.710295 2.68774 255 255 255
-0.566568 -0.762829 2.69998 255 255 255
-0.564482 -0.728026 2.69498 255 255 255
-0.576677 -0.843122 2.75467 255 255 255
-0.565123 -0.770849 2.70172 255 255 255
-0.56306 -0.767259 2.70074 255 255 255
-0.560401 -0.733902 2.69633 255 255 255
-0.560193 -0.653508 2.6969 255 255 255
-0.562417 -0.811811 2.7468 255 255 255
-0.547518 -0.758287 2.70575 255 255 255
-0.539465 -0.733672 2.7065 255 255 255
-0.548488 -0.82229 2.7556 255 255 255
-0.538165 -0.738181 2.70733 255 255 255
-0.536232 -0.74211 2.70823 255 255 255
-0.537618 -0.794644 2.74497 255 255 255
-0.530408 -0.721564 2.71214 255 255 255
-0.536217 -0.807487 2.75392 255 255 255
-0.529123 -0.756843 2.71785 255 255 255
-0.5359 -0.81237 2.75401 255 255 255
-0.523926 -0.744023 2.71534 255 255 255
-0.530907 -0.82521 2.75716 255 255 255
-0.521532 -0.759446 2.72385 255 255 255
-0.519322 -0.717857 2.71546 255 255 255
-0.525284 -0.852094 2.78072 255 255 255
-0.525284 -0.852094 2.78072 255 255 255
-0.468814 -0.642964 2.73243 255 255 255
-0.47171 -0.763741 2.75125 255 255 255
-0.463816 -0.663562 2.72777 255 255 255
-0.46766 -0.762004 2.75229 255 255 255
-0.463017 -0.734035 2.73298 255 255 255
-0.465706 -0.787143 2.77249 255 255 255
-0.460549 -0.800151 2.78134 255 255 255
-0.442869 -0.485212 2.71973 255 255 255
-0.437415 -0.674046 2.7294 255 255 255
-0.428008 -0.659222 2.72971 255 255 255
-0.436821 -0.788025 2.79165 255 255 255
-0.359822 0.103702 2.35889 255 255 255
-0.415935 -0.687758 2.74072 255 255 255
-0.35129 0.234921 2.37025 255 255 255
-0.347772 -0.112274 2.36098 255 255 255
-0.342708 0.0990867 2.34771 255 255 255
-0.343758 0.172122 2.35849 255 255 255
-0.341887 0.26379 2.37451 255 255 255
-0.338776 -0.108813 2.35512 255 255 255
-0.332912 0.0778476 2.3408 255 255 255
-0.330411 -0.0123111 2.33816 255 255 255
-0.330125 0.191669 2.35129 255 255 255
-0.327048 0.0942667 2.33807 255 255 255
-0.326555 -0.183158 2.36667 255 255 255
-0.318759 0.0341127 2.33067 255 255 255
-0.318736 0.038039 2.33059 255 255 255
-0.319966 0.413544 2.41034 255 255 255
-0.306955 0.0379314 2.32468 255 255 255
-0.300795 0.21493 2.33986 255 255 255
-0.29763 0.0467069 2.32015 255 255 255
-0.29763 0.0467069 2.32015 255 255 255
-0.299862 0.241031 2.34468 255 255 255
-0.296177 0.0549451 2.32033 255 255 255
-0.299066 0.312301 2.36094 255 255 255
-0.292418 0.154609 2.32592 255 255 255
-0.290453 -0.0660328 2.32213 255 255 255
-0.289801 0.0592564 2.31701 255 255 255
-0.283398 0.151684 2.32131 255 255 255
-0.287173 0.309929 2.35493 255 255 255
-0.284109 0.299649 2.35208 255 255 255
-0.282855 0.314656 2.35841 255 255 255
-0.277449 0.148401 2.31798 255 255 255
-0.27774 0.178777 2.32249 255 255 255
-0.277142 0.172971 2.32244 255 255 255
-0.277784 -0.15006 2.33287 255 255 255
-0.270243 -0.0388867 2.30977 255 255 255
-0.269492 0.0948324 2.30855 255 255 255
-0.268967 0.121224 2.31149 255 255 255
-0.272039 0.349067 2.36087 255 255 255
-0.266428 0.1642 2.31709 255 255 255
-0.265346 -0.0696981 2.3106 255 255 255
-0.261133 0.0647811 2.306 255 255 255
-0.261049 -0.0651001 2.30814 255 255 255
-0.263733 0.312867 2.34441 255 255 255
-0.258133 0.101008 2.30527 255 255 255
-0.258133 0.101008 2.30527 255 255 255
-0.257263 0.114216 2.30618 255 255 255
-0.255977 0.0292921 2.30077 255 255 255
-0.260717 0.354272 2.35493 255 255 255
-0.258372 0.306314 2.33902 255 255 255
-0.257675 -0.216835 2.34263 255 255 255
-0.252678 -0.00792577 2.30107 255 255 255
-0.248869 0.0306788 2.2994 255 255 255
-0.248869 0.0306788 2.2994 255 255 255
-0.254813 -0.262996 2.36533 255 255 255
-0.251267 0.317258 2.34248 255 255 255
-0.246983 0.162949 2.30624 255 255 255
-0.246983 0.162949 2.30624 255 255 255
-0.245714 0.0030894 2.29805 255 255 255
-0.245714 0.0030894 2.29805 255 255 255
-0.250612 0.376247 2.35766 255 255 255
-0.244181 -0.0368547 2.29924 255 255 255
-0.25186 0.414501 2.37277 255 255 255
-0.249596 0.409393 2.36915 255 255 255
-0.245553 0.305685 2.33474 255 255 255
-0.24093 -0.0260766 2.29682 255 255 255
-0.2445 0.333036 2.34299 255 255 255
-0.239288 0.0360208 2.29475 255 255 255
-0.240037 0.178727 2.3043 255 255 255
-0.239124 -0.0229844 2.29582 255 255 255
-0.238871 0.0258608 2.2936 255 255 255
-0.24647 0.42116 2.37338 255 255 255
-0.239746 -0.131273 2.31166 255 255 255
-0.237806 -0.0178672 2.29667 255 255 255
-0.236794 0.00208514 2.29453 255 255 255
-0.241537 0.337905 2.34153 255 255 255
-0.235782 0.173119 2.30452 255 255 255
-0.234586 -0.0247527 2.29555 255 255 255
-0.234215 -0.0245047 2.2949 255 255 255
-0.234215 -0.0245047 2.2949 255 255 255
-0.233702 0.03533 2.29275 255 255 255
-0.232213 -0.0323997 2.29292 255 255 255
-0.232162 0.00656826 2.29311 255 255 255
-0.232162 0.00656826 2.29311 255 255 255
-0.232588 -0.0885288 2.30108 255 255 255
-0.232588 -0.0885288 2.30108 255 255 255
-0.236137 0.336438 2.33959 255 255 255
-0.230859 0.0374982 2.29136 255 255 255
-0.230779 -0.0302249 2.29343 255 255 255
-0.242346 0.539473 2.42424 255 255 255
-0.231402 -0.16098 2.31673 255 255 255
-0.228144 0.0350038 2.29095 255 255 255
-0.226025 -0.0391657 2.2927 255 255 255
-0.23033 0.34272 2.33897 255 255 255
-0.226825 -0.122911 2.3043 255 255 255
-0.225571 -0.0309502 2.29278 255 255 255
-0.224872 -0.0516292 2.29305 255 255 255
-0.224099 0.0255257 2.29241 255 255 255
-0.223865 -0.0364623 2.29233 255 255 255
-0.22521 0.226211 2.30913 255 255 255
-0.227741 0.359146 2.34345 255 255 255
-0.225584 0.317778 2.32989 255 255 255
-0.227074 0.375414 2.34871 255 255 255
-0.225748 0.348081 2.33895 255 255 255
-0.225748 0.348081 2.33895 255 255 255
-0.221343 -0.0955693 2.29672 255 255 255
-0.221831 -0.123594 2.30352 255 255 255
-0.229444 0.463608 2.38303 255 255 255
-0.223399 -0.207983 2.32509 255 255 255
-0.220361 0.202706 2.30351 255 255 255
-0.228777 0.489513 2.39328 255 255 255
-0.218412 -0.0367728 2.29022 255 255 255
-0.219374 0.221008 2.30613 255 255 255
-0.218719 0.221043 2.30496 255 255 255
-0.219148 -0.183016 2.31603 255 255 255
-0.21703 -0.110522 2.30081 255 255 255
-0.213852 0.0325283 2.28679 255 255 255
-0.218367 0.358819 2.33907 255 255 255
-0.214006 -0.0938953 2.29448 255 255 255
-0.246026 0.944311 2.65318 255 255 255
-0.213429 0.224183 2.30377 255 255 255
-0.212403 0.202643 2.29986 255 255 255
-0.210872 0.0451633 2.28617 255 255 255
-0.210872 0.0451633 2.28617 255 255 255
-0.210207 -0.0760324 2.29022 255 255 255
-0.211165 0.20687 2.3007 255 255 255
-0.214347 0.358234 2.33859 255 255 255
-0.209408 0.0317276 2.28509 255 255 255
-0.210836 0.228375 2.30372 255 255 255
-0.218275 0.47915 2.38513 255 255 255
-0.210191 0.222056 2.30259 255 255 255
-0.207812 0.0272797 2.28485 255 255 255
-0.215132 0.453771 2.37335 255 255 255
-0.225776 0.669312 2.4954 255 255 255
-0.225776 0.669312 2.4954 255 255 255
-0.209112 -0.197057 2.31854 255 255 255
-0.209554 0.360077 2.33703 255 255 255
-0.206458 0.323956 2.32464 255 255 255
-0.202749 0.042561 2.28337 255 255 255
-0.202749 0.042561 2.28337 255 255 255
-0.203765 0.220519 2.30029 255 255 255
-0.209724 0.448906 2.3695 255 255 255
-0.202926 0.203256 2.29732 255 255 255
-0.204317 0.307491 2.32088 255 255 255
-0.230716 0.965694 2.62326 255 255 255
-0.209317 0.481427 2.38305 255 255 255
-0.204303 0.329248 2.32594 255 255 255
-0.201191 -0.118214 2.29408 255 255 255
-0.199159 0.0377234 2.28181 255 255 255
-0.199478 0.209525 2.29713 255 255 255
-0.203126 -0.258301 2.341 255 255 255
-0.198389 0.164109 2.29081 255 255 255
-0.19911 0.225704 2.29923 255 255 255
-0.204364 0.443405 2.36544 255 255 255
-0.200799 0.329689 2.3252 255 255 255
-0.19835 0.220578 2.29909 255 255 255
-0.197659 0.187571 2.29302 255 255 255
-0.19621 0.0826794 2.28148 255 255 255
-0.19621 0.0826794 2.28148 255 255 255
-0.199196 0.346896 2.32957 255 255 255
-0.223291 0.966586 2.62015 255 255 255
-0.194645 0.211203 2.29587 255 255 255
-0.199901 -0.292343 2.35852 255 255 255
-0.193459 -0.0492912 2.28284 255 255 255
-0.193959 0.173609 2.28975 255 255 255
-0.197458 0.356569 2.33198 255 255 255
-0.192782 0.0306095 2.27909 255 255 255
-0.191799 0.0318884 2.27904 255 255 255
-0.19231 0.168202 2.28882 255 255 255
-0.19261 0.209699 2.29535 255 255 255
-0.192494 0.227254 2.29797 255 255 255
-0.194684 0.344274 2.3275 255 255 255
-0.195641 -0.274538 2.34785 255 255 255
-0.190409 -0.0980086 2.28737 255 255 255
-0.216995 0.997724 2.61118 255 255 255
-0.197126 0.471165 2.37465 255 255 255
-0.191991 0.308658 2.31515 255 255 255
-0.192464 0.334029 2.32293 255 255 255
-0.188312 0.0275348 2.27819 255 255 255
-0.190456 -0.177382 2.30437 255 255 255
-0.189264 -0.117402 2.29046 255 255 255
-0.191528 0.330756 2.32236 255 255 255
-0.191528 0.330756 2.32236 255 255 255
-0.190974 0.347763 2.32741 255 255 255
-0.190974 0.347763 2.32741 255 255 255
-0.191927 -0.263323 2.33968 255 255 255
-0.213852 1.00129 2.60891 255 255 255
-0.188815 0.333802 2.32273 255 255 255
-0.191234 0.428079 2.3548 255 255 255
-0.191017 -0.290873 2.35543 255 255 255
-0.187372 0.322678 2.31883 255 255 255
-0.187372 0.322678 2.31883 255 255 255
-0.186115 0.304372 2.31509 255 255 255
-0.183369 0.215636 2.29374 255 255 255
-0.186654 -0.267926 2.34078 255 255 255
-0.207822 0.965054 2.60887 255 255 255
-0.184552 0.331472 2.32086 255 255 255
-0.180484 -0.0754651 2.28145 255 255 255
-0.182475 0.315416 2.31518 255 255 255
-0.179431 -0.0962165 2.2839 255 255 255
-0.178448 0.000544804 2.27678 255 255 255
-0.17847 -0.0694445 2.28016 255 255 255
-0.185464 0.474245 2.37205 255 255 255
-0.178846 0.22939 2.29312 255 255 255
-0.179628 0.319545 2.31533 255 255 255
-0.178193 -0.164132 2.29799 255 255 255
-0.176463 -0.0351665 2.2768 255 255 255
-0.201283 1.00356 2.60176 255 255 255
-0.179009 0.34666 2.3234 255 255 255
-0.175122 -0.0184492 2.27526 255 255 255
-0.178312 0.325206 2.31696 255 255 255
-0.179651 -0.268687 2.3396 255 255 255
-0.185502 -0.367957 2.4223 255 255 255
-0.17918 -0.280494 2.34509 255 255 255
-0.176621 0.32699 2.31712 255 255 255
-0.175841 0.301035 2.30979 255 255 255
-0.175841 0.301035 2.30979 255 255 255
-0.178292 -0.277748 2.34305 255 255 255
-0.176995 0.401317 2.34088 255 255 255
-0.171859 -0.0167519 2.27444 255 255 255
-0.176408 0.420546 2.34978 255 255 255
-0.176408 0.420546 2.34978 255 255 255
-0.176407 -0.29256 2.35174 255 255 255
-0.170675 -0.0124319 2.27618 255 255 255
-0.170675 -0.0124319 2.27618 255 255 255
-0.1717 0.237299 2.29121 255 255 255
-0.170205 -0.025481 2.27405 255 255 255
-0.172981 0.31971 2.31443 255 255 255
-0.176361 -0.303225 2.35988 255 255 255
-0.194002 0.965893 2.59676 255 255 255
-0.179469 0.548593 2.40418 255 255 255
-0.172648 0.325057 2.31564 255 255 255
-0.169947 -0.111094 2.28301 255 255 255
-0.169218 -0.0220422 2.27402 255 255 255
-0.168982 0.0300541 2.27298 255 255 255
-0.168889 -0.0280024 2.27446 255 255 255
-0.167985 0.0833216 2.27469 255 255 255
-0.172781 -0.277413 2.34181 255 255 255
-0.16733 -0.0250555 2.27392 255 255 255
-0.167135 -0.0199392 2.27352 255 255 255
-0.190714 1.00421 2.59609 255 255 255
-0.167465 0.209794 2.289 255 255 255
-0.189694 0.962774 2.5976 255 255 255
-0.167238 -0.148372 2.29047 255 255 255
-0.174623 0.53956 2.39784 255 255 255
-0.1729 0.489591 2.37594 255 255 255
-0.176281 0.587157 2.42315 255 255 255
-0.166378 0.209897 2.28699 255 255 255
-0.169404 0.373816 2.32963 255 255 255
-0.170911 -0.297581 2.35518 255 255 255
-0.188431 0.95276 2.60298 255 255 255
-0.164363 0.165857 2.28119 255 255 255
-0.165261 -0.19636 2.3016 255 255 255
-0.163003 -0.0324222 2.27308 255 255 255
-0.163003 -0.0324222 2.27308 255 255 255
-0.163781 0.226103 2.28943 255 255 255
-0.161674 -0.0378289 2.27323 255 255 255
-0.161763 -0.0810512 2.27706 255 255 255
-0.161896 -0.128918 2.28491 255 255 255
-0.161492 0.161558 2.28003 255 255 255
-0.160891 0.153319 2.27934 255 255 255
-0.170453 0.580748 2.41868 255 255 255
-0.161957 0.268881 2.29826 255 255 255
-0.170849 0.600625 2.42853 255 255 255
-0.16181 -0.198878 2.304 255 255 255
-0.166054 -0.311334 2.36559 255 255 255
-0.165463 0.45251 2.35743 255 255 255
-0.165463 0.45251 2.35743 255 255 255
-0.159244 -0.0373012 2.27235 255 255 255
-0.180492 0.961163 2.59511 255 255 255
-0.157926 -0.0218425 2.2716 255 255 255
-0.163516 0.440791 2.35244 255 255 255
-0.159684 0.285698 2.30187 255 255 255
-0.158947 0.242415 2.29216 255 255 255
-0.179533 0.965 2.59377 255 255 255
-0.158726 0.247866 2.29322 255 255 255
-0.159606 0.303063 2.30662 255 255 255
-0.159606 0.303063 2.30662 255 255 255
-0.159606 0.303063 2.30662 255 255 255
-0.158104 -0.137757 2.28567 255 255 255
-0.156979 0.0197259 2.27065 255 255 255
-0.156898 0.054959 2.27195 255 255 255
-0.156898 0.054959 2.27195 255 255 255
-0.156753 -0.0378636 2.27177 255 255 255
-0.160421 0.382041 2.33016 255 255 255
-0.156249 -0.0281253 2.27104 255 255 255
-0.156306 -0.0436104 2.272 255 255 255
-0.166767 0.601835 2.42953 255 255 255
-0.155326 0.0138639 2.26921 255 255 255
-0.156196 -0.151214 2.28809 255 255 255
-0.165469 0.61056 2.43239 255 255 255
-0.154764 -0.135468 2.28449 255 255 255
-0.16418 0.597764 2.42575 255 255 255
-0.154381 -0.120736 2.28139 255 255 255
-0.159747 -0.312997 2.36107 255 255 255
-0.153548 0.186184 2.28153 255 255 255
-0.173559 0.992496 2.58413 255 255 255
-0.173325 0.971951 2.58801 255 255 255
-0.152713 0.199463 2.28312 255 255 255
-0.151719 -0.00902005 2.27004 255 255 255
-0.157591 -0.310903 2.3591 255 255 255
-0.156239 -0.288482 2.3435 255 255 255
-0.152982 0.26693 2.296 255 255 255
-0.150368 0.0219078 2.26858 255 255 255
-0.150572 -0.0575478 2.27202 255 255 255
-0.150328 -0.0352211 2.27124 255 255 255
-0.149843 -0.0273976 2.26984 255 255 255
-0.151346 -0.219812 2.3079 255 255 255
-0.151346 -0.219812 2.3079 255 255 255
-0.149553 0.229216 2.28685 255 255 255
-0.14971 0.271415 2.29641 255 255 255
-0.148498 -0.111232 2.2781 255 255 255
-0.149098 0.234909 2.28846 255 255 255
-0.152852 0.443245 2.35077 255 255 255
-0.154442 0.526299 2.38532 255 255 255
-0.146476 0.0310041 2.26846 255 255 255
-0.150726 0.405732 2.3354 255 255 255
-0.147862 -0.185926 2.29572 255 255 255
-0.145796 -0.029245 2.26867 255 255 255
-0.1547 0.603282 2.42361 255 255 255
-0.147336 -0.223657 2.30843 255 255 255
-0.146979 -0.229804 2.31146 255 255 255
-0.164503 0.942814 2.6014 255 255 255
-0.143478 -0.0507835 2.27005 255 255 255
-0.148014 -0.316354 2.36112 255 255 255
-0.142647 -0.109805 2.27693 255 255 255
-0.147523 -0.307499 2.35536 255 255 255
-0.141524 -0.00227048 2.26685 255 255 255
-0.141642 -0.078888 2.27572 255 255 255
-0.145443 0.447613 2.34979 255 255 255
-0.140699 0.151376 2.27421 255 255 255
-0.142478 -0.213887 2.30332 255 255 255
-0.14391 -0.267751 2.32953 255 255 255
-0.142223 -0.225147 2.30799 255 255 255
-0.158879 0.960593 2.58417 255 255 255
-0.143728 0.468164 2.35841 255 255 255
-0.138501 -0.120098 2.27729 255 255 255
-0.13983 0.30492 2.30196 255 255 255
-0.138191 0.273746 2.29424 255 255 255
-0.138191 0.273746 2.29424 255 255 255
-0.142321 0.489929 2.36835 255 255 255
-0.142321 0.489929 2.36835 255 255 255
-0.142646 0.528929 2.38505 255 255 255
-0.136664 0.233555 2.28529 255 255 255
-0.136035 -0.127672 2.27868 255 255 255
-0.138092 -0.250196 2.31845 255 255 255
-0.153156 0.965162 2.57297 255 255 255
-0.1353 0.150789 2.27277 255 255 255
-0.135138 0.155073 2.27312 255 255 255
-0.137221 -0.242353 2.31435 255 255 255
-0.138878 0.429428 2.34259 255 255 255
-0.141129 0.522887 2.38145 255 255 255
-0.134372 -0.100641 2.27366 255 255 255
-0.136166 -0.231293 2.30944 255 255 255
-0.133319 -0.124079 2.27737 255 255 255
-0.132856 -0.104143 2.27395 255 255 255
-0.132064 0.086238 2.26672 255 255 255
-0.131684 0.0681363 2.26555 255 255 255
-0.132277 -0.118206 2.27617 255 255 255
-0.137555 0.494146 2.36795 255 255 255
-0.131919 -0.127177 2.27771 255 255 255
-0.134669 -0.269278 2.32656 255 255 255
-0.134852 0.404009 2.33269 255 255 255
-0.130826 0.155858 2.2725 255 255 255
-0.130884 -0.108751 2.27424 255 255 255
-0.148068 0.983406 2.5732 255 255 255
-0.135983 0.487835 2.36562 255 255 255
-0.130955 -0.131324 2.27837 255 255 255
-0.132578 0.327695 2.30717 255 255 255
-0.132578 0.327695 2.30717 255 255 255
-0.132477 0.355208 2.31546 255 255 255
-0.147895 -0.791201 2.58632 255 255 255
-0.130561 -0.173406 2.28761 255 255 255
-0.134548 0.490203 2.3662 255 255 255
-0.130037 -0.186168 2.29115 255 255 255
-0.12893 -0.100544 2.27241 255 255 255
-0.135038 0.525611 2.38185 255 255 255
-0.129146 -0.135996 2.27878 255 255 255
-0.129146 -0.135996 2.27878 255 255 255
-0.13421 0.515509 2.37641 255 255 255
-0.128014 -0.0715194 2.26848 255 255 255
-0.127338 -0.0499094 2.26672 255 255 255
-0.12775 -0.139551 2.27926 255 255 255
-0.144706 0.955845 2.58776 255 255 255
-0.144722 0.944704 2.59012 255 255 255
-0.13063 0.425995 2.33877 255 255 255
-0.126851 -0.109787 2.27393 255 255 255
-0.126274 -0.0312184 2.26499 255 255 255
-0.131551 0.491824 2.36624 255 255 255
-0.125903 -0.060389 2.2674 255 255 255
-0.125903 -0.060389 2.2674 255 255 255
-0.126661 0.21959 2.28172 255 255 255
-0.142795 0.976991 2.57467 255 255 255
-0.12567 -0.0609524 2.26696 255 255 255
-0.12567 -0.0609524 2.26696 255 255 255
-0.143558 0.938166 2.60006 255 255 255
-0.125268 -0.106647 2.2732 255 255 255
-0.124706 -0.0113872 2.26326 255 255 255
-0.127786 -0.259046 2.32042 255 255 255
-0.127786 -0.259046 2.32042 255 255 255
-0.12527 -0.121688 2.27544 255 255 255
-0.130837 -0.34175 2.37757 255 255 255
-0.12908 0.457314 2.35098 255 255 255
-0.129367 -0.321194 2.35928 255 255 255
-0.123862 -0.00433873 2.26376 255 255 255
-0.123862 -0.00433873 2.26376 255 255 255
-0.127542 0.412573 2.33402 255 255 255
-0.124743 0.231157 2.28342 255 255 255
-0.140511 -0.790834 2.58393 255 255 255
-0.123769 -0.126189 2.27584 255 255 255
-0.122643 -0.00916066 2.26344 255 255 255
-0.122679 -0.0883444 2.2693 255 255 255
-0.122644 -0.129799 2.27646 255 255 255
-0.121287 0.0817288 2.26453 255 255 255
-0.122533 -0.209654 2.2976 255 255 255
-0.1229 0.324284 2.30472 255 255 255
-0.121106 -0.112205 2.27302 255 255 255
-0.121224 -0.134063 2.27679 255 255 255
-0.124829 0.458923 2.351 255 255 255
-0.122433 -0.229536 2.30591 255 255 255
-0.123893 0.421698 2.33662 255 255 255
-0.120155 -0.0774408 2.26756 255 255 255
-0.122916 0.376934 2.32101 255 255 255
-0.128956 -0.388723 2.43713 255 255 255
-0.119987 -0.0800301 2.26785 255 255 255
-0.125515 0.515994 2.37653 255 255 255
-0.137078 0.93978 2.5964 255 255 255
-0.123424 0.455352 2.35062 255 255 255
-0.119441 -0.139857 2.27777 255 255 255
-0.121991 0.403976 2.33009 255 255 255
-0.120262 -0.216004 2.29991 255 255 255
-0.118561 -0.115116 2.27309 255 255 255
-0.11974 0.30499 2.29892 255 255 255
-0.134374 0.944266 2.58556 255 255 255
-0.120521 0.383069 2.32251 255 255 255
-0.117667 0.193722 2.27596 255 255 255
-0.121868 0.48563 2.36207 255 255 255
-0.120026 -0.278246 2.32977 255 255 255
-0.135485 0.92114 2.63108 255 255 255
-0.135485 0.92114 2.63108 255 255 255
-0.131941 0.984876 2.56913 255 255 255
-0.119177 -0.267147 2.32271 255 255 255
-0.120585 0.459166 2.35198 255 255 255
-0.117751 -0.224202 2.30246 255 255 255
-0.132083 -0.800647 2.58414 255 255 255
-0.117155 0.320712 2.30255 255 255 255
-0.115161 0.0810214 2.26347 255 255 255
-0.115744 0.233291 2.28256 255 255 255
-0.115777 -0.191617 2.29081 255 255 255
-0.116015 -0.214045 2.29848 255 255 255
-0.115631 -0.224029 2.30185 255 255 255
-0.115111 -0.221888 2.30174 255 255 255
-0.115111 -0.221888 2.30174 255 255 255
-0.11309 0.0860887 2.26205 255 255 255
-0.117921 0.499011 2.364 255 255 255
-0.115674 0.402138 2.32851 255 255 255
-0.115056 0.382166 2.32153 255 255 255
-0.128621 0.930317 2.61573 255 255 255
-0.112102 -0.168864 2.28298 255 255 255
-0.110984 0.0809769 2.26248 255 255 255
-0.112601 -0.224049 2.30145 255 255 255
-0.115069 0.478509 2.35808 255 255 255
-0.111331 -0.189648 2.28928 255 255 255
-0.111563 -0.212875 2.29708 255 255 255
-0.124925 0.947838 2.58059 255 255 255
-0.110736 -0.193743 2.29086 255 255 255
-0.109262 -0.0637009 2.26421 255 255 255
-0.109007 -0.216902 2.29833 255 255 255
-0.107657 -0.120688 2.27192 255 255 255
-0.108718 -0.224517 2.30121 255 255 255
-0.108906 0.382197 2.32092 255 255 255
-0.106913 0.234153 2.28141 255 255 255
-0.106082 -0.115768 2.27143 255 255 255
-0.119596 0.970521 2.56977 255 255 255
-0.105789 0.229851 2.28043 255 255 255
-0.107251 0.407031 2.32835 255 255 255
-0.107251 0.407031 2.32835 255 255 255
-0.117917 1.00409 2.56313 255 255 255
-0.105497 -0.214918 2.29663 255 255 255
-0.105894 0.37959 2.31915 255 255 255
-0.117499 -0.80032 2.57815 255 255 255
-0.103954 0.237086 2.28056 255 255 255
-0.10966 0.587816 2.40738 255 255 255
-0.102555 0.0428321 2.25888 255 255 255
-0.102555 0.0428321 2.25888 255 255 255
-0.10384 -0.226704 2.301 255 255 255
-0.10558 0.437554 2.34049 255 255 255
-0.120272 -0.568142 2.67303 255 255 255
-0.104476 0.415112 2.32773 255 255 255
-0.104476 0.415112 2.32773 255 255 255
-0.119632 -0.690238 2.66952 255 255 255
-0.100757 0.0125928 2.26062 255 255 255
-0.100757 0.0125928 2.26062 255 255 255
-0.104073 0.4262 2.33816 255 255 255
-0.102249 -0.224952 2.30092 255 255 255
-0.113513 0.999866 2.56189 255 255 255
-0.100104 -0.019111 2.26025 255 255 255
-0.0998913 0.0844049 2.2594 255 255 255
-0.101984 -0.245654 2.30975 255 255 255
-0.10207 -0.250982 2.31181 255 255 255
-0.1024 -0.291301 2.3343 255 255 255
-0.101222 -0.241379 2.30799 255 255 255
-0.112192 0.990775 2.56187 255 255 255
-0.100973 -0.236907 2.30545 255 255 255
-0.100462 0.307072 2.29713 255 255 255
-0.101263 -0.260409 2.31635 255 255 255
-0.0999229 -0.191163 2.28732 255 255 255
-0.111017 0.972089 2.56262 255 255 255
-0.0996999 -0.226904 2.3009 255 255 255
-0.100711 -0.285945 2.33079 255 255 255
-0.109942 0.975689 2.56235 255 255 255
-0.0983175 -0.239698 2.30627 255 255 255
-0.0963411 0.0801658 2.26031 255 255 255
-0.0986167 0.377976 2.31768 255 255 255
-0.0958228 -0.0192695 2.25931 255 255 255
-0.0979112 -0.254472 2.3134 255 255 255
-0.0978475 0.404023 2.32729 255 255 255
-0.096404 -0.231506 2.30257 255 255 255
-0.096404 -0.231506 2.30257 255 255 255
-0.106911 1.00832 2.55844 255 255 255
-0.0945214 -0.0621191 2.26145 255 255 255
-0.0960925 -0.24499 2.30825 255 255 255
-0.0960925 -0.24499 2.30825 255 255 255
-0.0960925 -0.24499 2.30825 255 255 255
-0.0935616 0.0818279 2.26041 255 255 255
-0.0940305 -0.137895 2.27343 255 255 255
-0.105562 0.998744 2.55886 255 255 255
-0.105562 0.998744 2.55886 255 255 255
-0.0987489 0.586226 2.40348 255 255 255
-0.100489 0.696476 2.44725 255 255 255
-0.0951283 0.377227 2.31694 255 255 255
-0.108426 -0.508676 2.64218 255 255 255
-0.0944729 -0.252586 2.31217 255 255 255
-0.0938787 -0.22855 2.30103 255 255 255
-0.091859 -0.0687893 2.26199 255 255 255
-0.091859 -0.0687893 2.26199 255 255 255
-0.0948745 -0.296287 2.33662 255 255 255
-0.0912131 -0.0567692 2.26131 255 255 255
-0.0915721 -0.142934 2.27392 255 255 255
-0.0907875 -0.0238098 2.25909 255 255 255
-0.0911283 -0.138953 2.27448 255 255 255
-0.0924279 -0.255383 2.31371 255 255 255
-0.0917254 -0.225249 2.29955 255 255 255
-0.0897171 -0.0193821 2.25896 255 255 255
-0.0897171 -0.0193821 2.25896 255 255 255
-0.0915551 0.346788 2.30655 255 255 255
-0.0911162 -0.218216 2.29629 255 255 255
-0.101759 0.955655 2.56995 255 255 255
-0.0911004 0.329648 2.30095 255 255 255
-0.0911004 0.329648 2.30095 255 255 255
-0.102341 0.939298 2.5878 255 255 255
-0.0890024 0.22059 2.27556 255 255 255
-0.090724 -0.269357 2.32128 255 255 255
-0.0901857 -0.246476 2.30836 255 255 255
-0.0878803 0.156207 2.26554 255 255 255
-0.0894736 -0.252762 2.31214 255 255 255
-0.0880554 0.226636 2.27685 255 255 255
-0.0883405 0.308832 2.29553 255 255 255
-0.0981236 0.983315 2.5579 255 255 255
-0.0993413 0.936412 2.58968 255 255 255
-0.086527 -0.0127683 2.25795 255 255 255
-0.0878615 -0.228941 2.29995 255 255 255
-0.0861782 -0.0101183 2.25778 255 255 255
-0.087618 -0.243066 2.30564 255 255 255
-0.0869346 -0.222879 2.29929 255 255 255
-0.085441 -0.0660445 2.26119 255 255 255
-0.0854349 -0.0695453 2.2616 255 255 255
-0.085069 -0.0587141 2.26059 255 255 255
-0.0853062 0.194886 2.27125 255 255 255
-0.0861199 -0.214924 2.29411 255 255 255
-0.0846211 -0.0754138 2.2621 255 255 255
-0.0844857 0.162698 2.26613 255 255 255
-0.0844513 0.158319 2.26558 255 255 255
-0.0861521 -0.260088 2.31363 255 255 255
-0.0861521 -0.260088 2.31363 255 255 255
-0.0881478 0.51168 2.36919 255 255 255
-0.0845197 0.230188 2.2766 255 255 255
-0.0843483 0.216923 2.27487 255 255 255
-0.0852128 -0.244453 2.30603 255 255 255
-0.0839193 0.223914 2.27557 255 255 255
-0.0839193 0.223914 2.27557 255 255 255
-0.0952256 0.928228 2.60548 255 255 255
-0.0839195 -0.234251 2.30195 255 255 255
-0.0848795 0.417139 2.33028 255 255 255
-0.0821661 -0.0759715 2.26189 255 255 255
-0.0818275 -0.0831497 2.26279 255 255 255
-0.0924731 0.966976 2.5609 255 255 255
-0.0825664 -0.227559 2.29877 255 255 255
-0.0867314 -0.385231 2.41817 255 255 255
-0.0922688 -0.803861 2.57441 255 255 255
-0.0952069 -0.635141 2.66816 255 255 255
-0.0855351 -0.366715 2.39968 255 255 255
-0.0818092 0.310148 2.29514 255 255 255
-0.0818609 0.379415 2.3175 255 255 255
-0.0815663 -0.252448 2.31012 255 255 255
-0.0812362 0.333579 2.30148 255 255 255
-0.0831347 0.480669 2.3562 255 255 255
-0.0900711 0.97499 2.55772 255 255 255
-0.0807063 -0.226227 2.29791 255 255 255
-0.0835415 0.547457 2.38653 255 255 255
-0.0806581 -0.248851 2.30836 255 255 255
-0.0798875 -0.21443 2.29353 255 255 255
-0.0799271 -0.233712 2.30136 255 255 255
-0.0809198 -0.291836 2.32985 255 255 255
-0.0781586 -0.0949777 2.26295 255 255 255
-0.0809868 0.475905 2.35406 255 255 255
-0.0789566 -0.222816 2.29649 255 255 255
-0.0780193 0.228894 2.27633 255 255 255
-0.0793609 0.41255 2.32856 255 255 255
-0.0875221 0.950355 2.56921 255 255 255
-0.0786042 -0.268548 2.31808 255 255 255
-0.0864633 0.962153 2.56158 255 255 255
-0.0860979 0.991352 2.55407 255 255 255
-0.07873 0.471699 2.35163 255 255 255
-0.0754138 -0.0659532 2.26015 255 255 255
-0.0771097 -0.263332 2.31606 255 255 255
-0.0749437 -0.0766914 2.26101 255 255 255
-0.0749437 -0.0766914 2.26101 255 255 255
-0.0764929 -0.272179 2.31947 255 255 255
-0.0836066 0.996053 2.55267 255 255 255
-0.0754953 -0.244513 2.30552 255 255 255
-0.0851372 0.928601 2.60397 255 255 255
-0.0751214 0.336474 2.30161 255 255 255
-0.0747736 -0.237869 2.30228 255 255 255
-0.0756371 0.414836 2.32885 255 255 255
-0.085423 -0.885376 2.63845 255 255 255
-0.0734388 0.231028 2.27614 255 255 255
-0.0857826 -0.630438 2.66326 255 255 255
-0.0828402 0.936383 2.57897 255 255 255
-0.0742692 0.391203 2.31888 255 255 255
-0.0842078 -0.727966 2.64652 255 255 255
-0.0759027 0.605424 2.39652 255 255 255
-0.0728302 -0.235102 2.30113 255 255 255
-0.0732775 -0.270066 2.31848 255 255 255
-0.0806703 -0.791296 2.56687 255 255 255
-0.0719435 0.303603 2.2928 255 255 255
-0.0719435 0.303603 2.2928 255 255 255
-0.0800774 0.957713 2.56194 255 255 255
-0.0824077 0.850239 2.64371 255 255 255
-0.07215 -0.264008 2.31454 255 255 255
-0.0799978 0.949948 2.56812 255 255 255
-0.0716693 -0.267152 2.31532 255 255 255
-0.0716693 -0.267152 2.31532 255 255 255
-0.0711182 -0.234466 2.30005 255 255 255
-0.0821689 -0.632055 2.66295 255 255 255
-0.0725154 0.471868 2.35136 255 255 255
-0.0708553 -0.239274 2.30236 255 255 255
-0.0708553 -0.239274 2.30236 255 255 255
-0.071309 0.409299 2.32555 255 255 255
-0.0781357 -0.787614 2.56582 255 255 255
-0.0704115 0.412313 2.32675 255 255 255
-0.06949 -0.258608 2.31164 255 255 255
-0.0695025 -0.261111 2.31299 255 255 255
-0.0690525 0.361185 2.309 255 255 255
-0.068136 -0.231999 2.29914 255 255 255
-0.0679027 -0.244478 2.30476 255 255 255
-0.067816 -0.279456 2.32288 255 255 255
-0.0668687 0.340938 2.30208 255 255 255
-0.0766176 -0.721826 2.64676 255 255 255
-0.0755036 -0.502557 2.62663 255 255 255
-0.0692197 -0.379031 2.41001 255 255 255
-0.0729898 0.985938 2.55179 255 255 255
-0.0660176 0.380415 2.31452 255 255 255
-0.0653772 -0.233803 2.2995 255 255 255
-0.0660624 0.41067 2.32591 255 255 255
-0.0752839 -0.703486 2.6518 255 255 255
-0.0750256 -0.69904 2.65314 255 255 255
-0.0646241 -0.244682 2.30452 255 255 255
-0.0721918 0.94182 2.57639 255 255 255
-0.0740307 -0.538136 2.6497 255 255 255
-0.0740307 -0.538136 2.6497 255 255 255
-0.0643933 -0.253496 2.30868 255 255 255
-0.0646018 -0.272171 2.31835 255 255 255
-0.072408 0.927194 2.60288 255 255 255
-0.072408 0.927194 2.60288 255 255 255
-0.0641079 -0.276884 2.32132 255 255 255
-0.0641079 -0.276884 2.32132 255 255 255
-0.0643242 -0.291869 2.33025 255 255 255
-0.0727275 -0.523312 2.64278 255 255 255
-0.0721812 -0.522982 2.64151 255 255 255
-0.0674607 0.740794 2.48373 255 255 255
-0.0628123 0.38173 2.31531 255 255 255
-0.0627485 -0.270873 2.31765 255 255 255
-0.0628367 -0.287732 2.32747 255 255 255
-0.0628367 -0.287732 2.32747 255 255 255
-0.0637002 0.514701 2.37086 255 255 255
-0.0616901 0.409324 2.32494 255 255 255
-0.0611645 -0.260068 2.31179 255 255 255
-0.0612756 0.4038 2.32257 255 255 255
-0.0607219 -0.240443 2.30238 255 255 255
-0.0674997 0.929268 2.59749 255 255 255
-0.0595371 -0.271751 2.31811 255 255 255
-0.0668592 -0.764299 2.62938 255 255 255
-0.0585194 -0.254749 2.30894 255 255 255
-0.058492 -0.26855 2.31539 255 255 255
-0.0582173 -0.246161 2.30501 255 255 255
-0.0586867 -0.282161 2.32342 255 255 255
-0.0586867 -0.282161 2.32342 255 255 255
-0.0576996 -0.230759 2.3002 255 255 255
-0.0562706 -0.29304 2.33021 255 255 255
-0.0618441 0.940179 2.57757 255 255 255
-0.0613521 0.946393 2.56805 255 255 255
-0.0551745 -0.279043 2.32154 255 255 255
-0.0548226 -0.262005 2.31285 255 255 255
-0.0623392 -0.886506 2.63394 255 255 255
-0.0624241 -0.637468 2.65976 255 255 255
-0.0607747 0.929442 2.59705 255 255 255
-0.0559507 -0.380629 2.41194 255 255 255
-0.0534139 -0.270142 2.31626 255 255 255
-0.0516478 -0.235476 2.29897 255 255 255
-0.0516478 -0.235476 2.29897 255 255 255
-0.05184 -0.277591 2.32026 255 255 255
-0.051223 -0.22109 2.29305 255 255 255
-0.0515292 0.419257 2.32387 255 255 255
-0.0508699 0.395089 2.31868 255 255 255
-0.0507043 0.399482 2.31974 255 255 255
-0.0571097 -0.508198 2.62846 255 255 255
-0.0500503 -0.248093 2.30531 255 255 255
-0.0499425 0.3559 2.30563 255 255 255
-0.0503997 0.438835 2.33629 255 255 255
-0.0568185 -0.526184 2.63974 255 255 255
-0.0553785 0.940601 2.57679 255 255 255
-0.050865 0.545846 2.37055 255 255 255
-0.0495611 -0.262741 2.31213 255 255 255
-0.0563024 -0.8867 2.63243 255 255 255
-0.0490269 -0.231386 2.29784 255 255 255
-0.0495353 0.404791 2.32171 255 255 255
-0.0490863 0.407061 2.32328 255 255 255
-0.0487643 0.377466 2.31399 255 255 255
-0.0541524 0.933884 2.58832 255 255 255
-0.0553752 -0.632197 2.65691 255 255 255
-0.0491822 0.496489 2.36055 255 255 255
-0.0535239 -0.546258 2.64861 255 255 255
-0.0517605 0.951648 2.56383 255 255 255
-0.0485602 -0.38032 2.41131 255 255 255
-0.0456235 -0.234871 2.29849 255 255 255
-0.0452568 -0.231927 2.29747 255 255 255
-0.0452568 -0.231927 2.29747 255 255 255
-0.0455916 -0.28725 2.32627 255 255 255
-0.045314 0.399801 2.32059 255 255 255
-0.0497957 0.947911 2.56526 255 255 255
-0.0456847 0.554272 2.36901 255 255 255
-0.0447588 0.41062 2.32366 255 255 255
-0.0447588 0.41062 2.32366 255 255 255
-0.0442369 0.402802 2.32127 255 255 255
-0.0484783 0.942453 2.57272 255 255 255
-0.0430268 -0.232969 2.29792 255 255 255
-0.0485612 -0.882993 2.63075 255 255 255
-0.0422318 -0.249258 2.30523 255 255 255
-0.0429781 0.551355 2.36842 255 255 255
-0.0429226 0.536866 2.37198 255 255 255
-0.0471455 0.921001 2.60643 255 255 255
-0.0468887 0.929507 2.59538 255 255 255
-0.0468887 0.929507 2.59538 255 255 255
-0.0464332 -0.496125 2.61647 255 255 255
-0.0452956 -0.797316 2.56254 255 255 255
-0.040227 0.33543 2.2982 255 255 255
-0.0405726 0.403438 2.32097 255 255 255
-0.0400977 0.344764 2.30163 255 255 255
-0.0397637 0.410186 2.32442 255 255 255
-0.039032 -0.242741 2.30258 255 255 255
-0.0388978 -0.25062 2.30516 255 255 255
-0.0393803 0.579616 2.36492 255 255 255
-0.038611 0.418772 2.32786 255 255 255
-0.039162 0.575771 2.36409 255 255 255
-0.0380791 0.345236 2.30179 255 255 255
-0.0433022 -0.527005 2.639 255 255 255
-0.0417617 0.962877 2.55402 255 255 255
-0.0375396 -0.24592 2.30353 255 255 255
-0.0371787 0.406052 2.32249 255 255 255
-0.0376793 0.597322 2.36957 255 255 255
-0.0374228 0.484675 2.35545 255 255 255
-0.037582 0.536102 2.37167 255 255 255
-0.0367607 0.445309 2.33829 255 255 255
-0.0404132 0.940174 2.57869 255 255 255
-0.0369241 0.581512 2.36472 255 255 255
-0.0360575 0.38099 2.31379 255 255 255
-0.0354927 0.327316 2.29658 255 255 255
-0.0358966 0.423476 2.32946 255 255 255
-0.0353193 -0.24963 2.30517 255 255 255
-0.0348748 -0.253516 2.30684 255 255 255
-0.0390024 0.925901 2.60202 255 255 255
-0.0344873 -0.284779 2.32438 255 255 255
-0.0340862 0.330812 2.29824 255 255 255
-0.0339881 -0.246695 2.30351 255 255 255
-0.0339823 -0.25953 2.30943 255 255 255
-0.0337516 0.4034 2.32168 255 255 255
-0.0331896 0.327143 2.29641 255 255 255
-0.0354671 0.919719 2.60578 255 255 255
-0.030899 0.347234 2.30279 255 255 255
-0.0350008 -0.526129 2.63789 255 255 255
-0.0339095 -0.812273 2.57373 255 255 255
-0.0304815 0.425725 2.32971 255 255 255
-0.0304815 0.425725 2.32971 255 255 255
-0.0303155 0.419874 2.32805 255 255 255
-0.0293346 0.34924 2.30307 255 255 255
-0.0331927 -0.501345 2.6182 255 255 255
-0.0282967 0.422998 2.32868 255 255 255
-0.0277276 0.32456 2.29532 255 255 255
-0.0277276 0.32456 2.29532 255 255 255
-0.0277902 0.430593 2.33207 255 255 255
-0.0271602 0.427788 2.33071 255 255 255
-0.0267411 0.406259 2.32181 255 255 255
-0.0264961 0.354281 2.30474 255 255 255
-0.0269124 0.465445 2.34613 255 255 255
-0.0261992 0.349908 2.30329 255 255 255
-0.0254336 0.323007 2.29494 255 255 255
-0.0254336 0.323007 2.29494 255 255 255
-0.0251993 -0.267593 2.31405 255 255 255
-0.028684 -0.546648 2.64678 255 255 255
-0.0276998 -0.481182 2.59957 255 255 255
-0.0248925 0.537635 2.36752 255 255 255
-0.0235654 0.326275 2.29636 255 255 255
-0.0253149 0.937704 2.57926 255 255 255
-0.0227019 -0.281312 2.32186 255 255 255
-0.0252407 0.927546 2.5972 255 255 255
-0.022483 0.485198 2.35654 255 255 255
-0.0218931 0.356217 2.30533 255 255 255
-0.0247632 -0.625262 2.64797 255 255 255
-0.0212809 0.346169 2.30207 255 255 255
-0.0209219 -0.256359 2.30784 255 255 255
-0.0229831 0.942072 2.56909 255 255 255
-0.0206793 0.455355 2.34262 255 255 255
-0.0222221 0.919108 2.6049 255 255 255
-0.0222221 0.919108 2.6049 255 255 255
-0.0214737 -0.537639 2.64385 255 255 255
-0.0181124 0.416006 2.32594 255 255 255
-0.0183138 0.48801 2.35646 255 255 255
-0.0177473 0.345662 2.30186 255 255 255
-0.0177818 -0.26061 2.30991 255 255 255
-0.0174351 0.391221 2.31689 255 255 255
-0.0170028 0.727761 2.43146 255 255 255
-0.0156996 -0.183703 2.27902 255 255 255
-0.0157943 0.376262 2.31139 255 255 255
-0.0153466 -0.171046 2.27541 255 255 255
-0.0188776 1.0317 2.82318 255 255 255
-0.0153176 0.395793 2.31865 255 255 255
-0.0151853 -0.255646 2.30765 255 255 255
-0.0153249 0.423414 2.32899 255 255 255
-0.0150937 0.412662 2.32528 255 255 255
-0.0148172 0.37381 2.31125 255 255 255
-0.0146094 0.406388 2.32285 255 255 255
-0.0141269 -0.18777 2.28024 255 255 255
-0.0142975 0.955453 2.55762 255 255 255
-0.0142975 0.955453 2.55762 255 255 255
-0.0129355 0.422889 2.33447 255 255 255
-0.0123678 -0.192227 2.28145 255 255 255
-0.0116155 0.377505 2.31211 255 255 255
-0.0111473 0.391361 2.31921 255 255 255
-0.0109265 -0.18708 2.2801 255 255 255
-0.0124177 -0.523766 2.64366 255 255 255
-0.0105944 -0.169945 2.27544 255 255 255
-0.010343 0.430526 2.33206 255 255 255
-0.0112578 0.948441 2.56347 255 255 255
-0.00974908 -0.178174 2.27732 255 255 255
-0.0110193 0.919816 2.60972 255 255 255
-0.00960747 -0.160954 2.27268 255 255 255
-0.00960747 -0.160954 2.27268 255 255 255
-0.0090688 -0.204241 2.28551 255 255 255
-0.00905389 -0.192776 2.28159 255 255 255
-0.00875956 -0.143168 2.26877 255 255 255
-0.00875956 -0.143168 2.26877 255 255 255
-0.00859611 -0.184547 2.27919 255 255 255
-0.00817943 -0.263375 2.31221 255 255 255
-0.00923359 -0.535197 2.64108 255 255 255
-0.00787508 -0.231449 2.28923 255 255 255
-0.0077915 0.595528 2.36998 255 255 255
-0.00806009 0.941385 2.57308 255 255 255
-0.0071551 -0.201484 2.28433 255 255 255
-0.00693226 -0.159211 2.27221 255 255 255
-0.00785317 0.931338 2.59254 255 255 255
-0.0076612 -0.88006 2.62612 255 255 255
-0.0061824 -0.193061 2.27908 255 255 255
-0.00697367 0.929015 2.59941 255 255 255
-0.00580612 -0.198819 2.28339 255 255 255
-0.00558191 0.318055 2.29373 255 255 255
-0.00558191 0.318055 2.29373 255 255 255
-0.00582139 0.95273 2.55902 255 255 255
-0.00462644 0.417371 2.32681 255 255 255
-0.00449749 -0.183609 2.27879 255 255 255
-0.00412395 -0.274587 2.31793 255 255 255
-0.00388277 0.38639 2.31511 255 255 255
-0.00411614 -0.486413 2.59673 255 255 255
-0.0026287 0.484612 2.35609 255 255 255
-0.00256355 0.69651 2.4016 255 255 255
-0.00220224 -0.207342 2.28658 255 255 255
-0.00186318 -0.18944 2.28074 255 255 255
-0.00199936 0.943678 2.57034 255 255 255
-0.00114915 -0.263337 2.31367 255 255 255
-0.000775764 0.404927 2.32211 255 255 255
-0.000572168 -0.262847 2.31244 255 255 255
-0.000450367 -0.193216 2.28158 255 255 255
-0.000300121 0.394455 2.31817 255 255 255
0.00011944 0.910468 2.64034 255 255 255
0.000302446 -0.637382 2.65851 255 255 255
0.000311164 0.352418 2.3039 255 255 255
0.000322798 0.318829 2.29399 255 255 255
0.000651883 0.342248 2.30113 255 255 255
0.000708014 0.322812 2.29547 255 255 255
0.00091491 -0.206513 2.28618 255 255 255
0.00124633 -0.814366 2.5697 255 255 255
0.00123163 0.427471 2.33131 255 255 255
0.00123163 0.427471 2.33131 255 255 255
0.00123163 0.427471 2.33131 255 255 255
0.00132641 -0.19951 2.28391 255 255 255
0.00147613 -0.221295 2.28998 255 255 255
0.00175368 0.940559 2.57497 255 255 255
0.00159429 -0.187023 2.28052 255 255 255
0.00159429 -0.187023 2.28052 255 255 255
0.0018332 -0.113041 2.26339 255 255 255
0.0024404 -0.210029 2.28745 255 255 255
0.0031238 0.937603 2.58057 255 255 255
0.00300892 0.436144 2.33509 255 255 255
0.003482 0.31881 2.2939 255 255 255
0.00368174 -0.125001 2.26568 255 255 255
0.00415511 0.338178 2.29923 255 255 255
0.00422943 0.378168 2.31236 255 255 255
0.00418604 -0.118108 2.26432 255 255 255
0.00429214 0.366245 2.30997 255 255 255
0.00429214 0.366245 2.30997 255 255 255
0.00438227 -0.1769 2.27793 255 255 255
0.00513454 -0.534732 2.64092 255 255 255
0.00462446 0.0750194 2.25498 255 255 255
0.00493831 0.582847 2.36947 255 255 255
0.00493952 -0.193106 2.28181 255 255 255
0.00512846 0.0771243 2.2551 255 255 255
0.00581841 0.394476 2.31881 255 255 255
0.0060287 -0.324087 2.35324 255 255 255
0.00598859 -0.276695 2.31871 255 255 255
0.00620243 -0.119963 2.26461 255 255 255
0.00648764 0.406488 2.32262 255 255 255
0.00648764 0.406488 2.32262 255 255 255
0.00642337 0.314059 2.29269 255 255 255
0.00668485 -0.339576 2.36548 255 255 255
0.00672067 0.35506 2.30499 255 255 255
0.00762896 -0.488415 2.60656 255 255 255
0.00670564 0.221695 2.27205 255 255 255
0.00695974 -0.26097 2.31265 255 255 255
0.00736268 -0.116067 2.26419 255 255 255
0.00755597 -0.122497 2.26506 255 255 255
0.00826081 0.427449 2.33128 255 255 255
0.00821389 0.223662 2.27217 255 255 255
0.008339 -0.193853 2.28215 255 255 255
0.00846525 0.319443 2.29342 255 255 255
0.00849062 -0.20539 2.28611 255 255 255
0.00964894 0.949291 2.56405 255 255 255
0.00886882 0.411066 2.32447 255 255 255
0.00878098 0.34641 2.30159 255 255 255
0.00878098 0.34641 2.30159 255 255 255
0.0101724 -0.882949 2.62881 255 255 255
0.00931876 -0.200386 2.2842 255 255 255
0.00961626 -0.190401 2.28104 255 255 255
0.00973557 0.336333 2.29911 255 255 255
0.00980745 -0.22563 2.2939 255 255 255
0.0099435 0.375004 2.31135 255 255 255
0.0100573 -0.221446 2.29146 255 255 255
0.0100947 -0.187846 2.28023 255 255 255
0.0100947 -0.187846 2.28023 255 255 255
0.0105221 0.319234 2.29414 255 255 255
0.0109344 0.541877 2.36158 255 255 255
0.0108947 0.353252 2.30587 255 255 255
0.0108667 0.331598 2.2974 255 255 255
0.0109607 -0.245782 2.30335 255 255 255
0.0112047 0.471171 2.34956 255 255 255
0.011108 -0.241338 2.30139 255 255 255
0.0127077 -0.491676 2.60955 255 255 255
0.0115282 0.323613 2.29527 255 255 255
0.0113956 0.157813 2.26236 255 255 255
0.0119208 -0.280562 2.322 255 255 255
0.0117793 -0.0453632 2.25623 255 255 255
0.0123466 -0.226528 2.2943 255 255 255
0.0123811 -0.208241 2.28702 255 255 255
0.0125968 0.320773 2.29475 255 255 255
0.0126482 -0.229219 2.29562 255 255 255
0.0129652 -0.296613 2.33182 255 255 255
0.0127651 -0.181349 2.27868 255 255 255
0.0129632 0.361815 2.30778 255 255 255
0.0128273 -0.186168 2.28257 255 255 255
0.0126864 -0.0502591 2.25669 255 255 255
0.0128975 -0.0410004 2.256 255 255 255
0.0136725 -0.301422 2.33509 255 255 255
0.0141872 0.476412 2.35087 255 255 255
0.014053 0.335377 2.29925 255 255 255
0.0140815 -0.205347 2.28637 255 255 255
0.0144233 0.429386 2.3322 255 255 255
0.0144233 0.429386 2.3322 255 255 255
0.0141441 -0.0450091 2.25623 255 255 255
0.0143693 -0.178549 2.27801 255 255 255
0.0150451 0.538285 2.36066 255 255 255
0.0147642 0.374468 2.31191 255 255 255
0.0146914 -0.208661 2.28731 255 255 255
0.0148108 0.35622 2.30563 255 255 255
0.014619 0.17452 2.26467 255 255 255
0.0148116 0.161311 2.26291 255 255 255
0.0150713 0.311918 2.29241 255 255 255
0.0171502 0.922349 2.60412 255 255 255
0.0151602 -0.214145 2.28922 255 255 255
0.0151071 0.157046 2.26296 255 255 255
0.0155923 -0.202208 2.28547 255 255 255
0.015927 0.422792 2.32954 255 255 255
0.0156445 -0.202117 2.28536 255 255 255
0.0177146 -0.80013 2.56382 255 255 255
0.0158908 -0.061698 2.25826 255 255 255
0.0161997 -0.220991 2.29182 255 255 255
0.016311 0.339672 2.3003 255 255 255
0.016264 -0.218594 2.29089 255 255 255
0.0161427 -0.161145 2.27268 255 255 255
0.0190987 -0.629592 2.65293 255 255 255
0.016785 0.363885 2.30846 255 255 255
0.0165407 -0.121676 2.2658 255 255 255
0.0171847 0.425302 2.33108 255 255 255
0.0172683 -0.263365 2.31318 255 255 255
0.0175974 0.437511 2.33478 255 255 255
0.0172241 -0.206892 2.28672 255 255 255
0.0195693 0.946361 2.56698 255 255 255
0.0197957 -0.8124 2.57334 255 255 255
0.0182251 0.372602 2.31135 255 255 255
0.0180339 0.12878 2.25932 255 255 255
0.0185814 0.407644 2.32353 255 255 255
0.0186066 -0.219012 2.29119 255 255 255
0.0188303 0.376352 2.31213 255 255 255
0.0185998 -0.0503697 2.25664 255 255 255
0.0187816 0.131383 2.25959 255 255 255
0.0195969 0.470713 2.34863 255 255 255
0.0195969 0.470713 2.34863 255 255 255
0.0192541 0.34158 2.30082 255 255 255
0.0194888 0.419858 2.32836 255 255 255
0.0192111 0.17255 2.26514 255 255 255
0.0218556 -0.797516 2.56337 255 255 255
0.0198918 0.362313 2.30814 255 255 255
0.022858 -0.500732 2.61957 255 255 255
0.022858 -0.500732 2.61957 255 255 255
0.0203008 0.397478 2.32001 255 255 255
0.0234983 0.93747 2.58263 255 255 255
0.021216 0.368178 2.31045 255 255 255
0.0212161 0.338907 2.30082 255 255 255
0.0220875 0.38679 2.31642 255 255 255
0.0220875 0.38679 2.31642 255 255 255
0.0245582 -0.803658 2.56573 255 255 255
0.0215813 0.0415099 2.2545 255 255 255
0.0254801 -0.533098 2.64289 255 255 255
0.0254801 -0.533098 2.64289 255 255 255
0.022083 -0.17634 2.27757 255 255 255
0.022083 -0.17634 2.27757 255 255 255
0.0249247 -0.800175 2.56448 255 255 255
0.0249247 -0.800175 2.56448 255 255 255
0.0224837 0.37453 2.31231 255 255 255
0.0225592 -0.217271 2.29131 255 255 255
0.0228995 -0.284686 2.32484 255 255 255
0.0226594 -0.212385 2.28935 255 255 255
0.0260912 -0.513466 2.62812 255 255 255
0.023096 -0.275756 2.31972 255 255 255
0.023096 -0.275756 2.31972 255 255 255
0.022898 -0.196117 2.28323 255 255 255
0.0231173 -0.220837 2.2918 255 255 255
0.0231892 0.315849 2.29361 255 255 255
0.0233143 0.333987 2.29916 255 255 255
0.0233143 0.333987 2.29916 255 255 255
0.022909 0.0742581 2.2559 255 255 255
0.0237026 0.427404 2.33168 255 255 255
0.0230177 0.0759352 2.25592 255 255 255
0.0235657 0.349621 2.30408 255 255 255
0.0238822 -0.271941 2.31759 255 255 255
0.0235367 -0.0883765 2.26084 255 255 255
0.023522 0.0363104 2.25442 255 255 255
0.0245232 0.46131 2.34648 255 255 255
0.025054 -0.341342 2.36922 255 255 255
0.0245876 -0.159099 2.274 255 255 255
0.0272224 0.813639 2.5101 255 255 255
0.0252109 -0.27437 2.319 255 255 255
0.0282691 0.949387 2.56688 255 255 255
0.0287212 0.921031 2.60576 255 255 255
0.0287212 0.921031 2.60576 255 255 255
0.0255359 0.327163 2.29728 255 255 255
0.0285513 -0.800944 2.5649 255 255 255
0.0254058 -0.180194 2.27893 255 255 255
0.0260869 0.415872 2.32757 255 255 255
0.0261361 -0.267301 2.31525 255 255 255
0.025805 -0.177262 2.27791 255 255 255
0.0264555 0.421745 2.32972 255 255 255
0.0269929 0.481432 2.3552 255 255 255
0.0266397 0.342956 2.30222 255 255 255
0.0305534 -0.505869 2.625 255 255 255
0.0307917 -0.888994 2.63356 255 255 255
0.0265972 -0.171046 2.27632 255 255 255
0.0268753 -0.213512 2.28988 255 255 255
0.0273966 0.419618 2.32916 255 255 255
0.0269215 -0.182643 2.27958 255 255 255
0.027102 0.312468 2.29349 255 255 255
0.027102 0.312468 2.29349 255 255 255
0.0272671 0.351499 2.30435 255 255 255
0.0316515 -0.634931 2.66195 255 255 255
0.0271362 -0.164604 2.27434 255 255 255
0.031742 0.910018 2.64584 255 255 255
0.0272963 0.0756358 2.25621 255 255 255
0.0322087 -0.510771 2.62874 255 255 255
0.0322087 -0.510771 2.62874 255 255 255
0.0281453 -0.215737 2.29057 255 255 255
0.0280269 -0.177123 2.27793 255 255 255
0.0285247 0.347022 2.30379 255 255 255
0.0285247 0.347022 2.30379 255 255 255
0.0285247 0.347022 2.30379 255 255 255
0.0332481 -0.638629 2.66366 255 255 255
0.0285325 0.226017 2.2739 255 255 255
0.0296262 0.417418 2.32856 255 255 255
0.0295606 -0.27991 2.32227 255 255 255
0.0296895 0.369097 2.31118 255 255 255
0.0297191 0.327545 2.2977 255 255 255
0.0303475 0.42019 2.32989 255 255 255
0.0343225 -0.508479 2.62938 255 255 255
0.032953 0.815593 2.51129 255 255 255
0.0303367 -0.226112 2.29731 255 255 255
0.0303367 -0.226112 2.29731 255 255 255
0.0303081 0.315812 2.29424 255 255 255
0.0306403 -0.270465 2.31748 255 255 255
0.0303853 -0.157031 2.27285 255 255 255
0.0303853 -0.157031 2.27285 255 255 255
0.0308792 0.357172 2.30664 255 255 255
0.0338337 0.823889 2.51424 255 255 255
0.0314001 0.320888 2.29617 255 255 255
0.0314277 -0.168434 2.27602 255 255 255
0.0319302 0.341648 2.30232 255 255 255
0.0322643 0.362046 2.31068 255 255 255
0.0318958 -0.188679 2.28192 255 255 255
0.0316186 0.0328103 2.25495 255 255 255
0.0317447 0.032894 2.25467 255 255 255
0.0326703 -0.274456 2.31989 255 255 255
0.0329936 0.442234 2.33858 255 255 255
0.036387 0.941099 2.57607 255 255 255
0.0322947 -0.193652 2.28334 255 255 255
0.0329228 0.388685 2.31764 255 255 255
0.0329949 0.330538 2.29893 255 255 255
0.0378691 -0.885901 2.63338 255 255 255
0.0332127 -0.206373 2.28873 255 255 255
0.0338232 -0.290696 2.32917 255 255 255
0.033046 0.228537 2.27466 255 255 255
0.0331857 0.235333 2.27608 255 255 255
0.0342399 0.450142 2.34185 255 255 255
0.0331552 0.0749599 2.25672 255 255 255
0.0373703 0.815259 2.51172 255 255 255
0.0340051 -0.175814 2.27832 255 255 255
0.0340051 -0.175814 2.27832 255 255 255
0.0342543 0.311826 2.29323 255 255 255
0.0342543 0.311826 2.29323 255 255 255
0.0347142 -0.26882 2.31714 255 255 255
0.0348509 -0.248913 2.30597 255 255 255
0.0349822 0.360361 2.30789 255 255 255
0.0349822 0.360361 2.30789 255 255 255
0.0351936 0.350186 2.30502 255 255 255
0.0399136 0.924467 2.60364 255 255 255
0.0407636 -0.880057 2.63609 255 255 255
0.035441 -0.188489 2.28216 255 255 255
0.039969 0.946845 2.57021 255 255 255
0.0362207 -0.289139 2.32856 255 255 255
0.0362207 -0.289139 2.32856 255 255 255
0.0410568 -0.885688 2.63408 255 255 255
0.0411018 -0.888355 2.63473 255 255 255
0.0365986 0.450384 2.34242 255 255 255
0.0359036 0.321011 2.29646 255 255 255
0.041368 -0.883107 2.63414 255 255 255
0.0361556 -0.19189 2.28345 255 255 255
0.0362369 -0.183697 2.28056 255 255 255
0.0368004 -0.245211 2.30461 255 255 255
0.037117 -0.281255 2.32371 255 255 255
0.0369207 0.357528 2.30753 255 255 255
0.0387588 0.742302 2.41286 255 255 255
0.0369786 0.333195 2.29995 255 255 255
0.036728 -0.17601 2.27865 255 255 255
0.036728 -0.17601 2.27865 255 255 255
0.0425463 -0.513637 2.63314 255 255 255
0.0380892 -0.31372 2.34634 255 255 255
0.0369689 0.22027 2.27366 255 255 255
0.0369689 0.22027 2.27366 255 255 255
0.0375577 0.344396 2.3022 255 255 255
0.0371568 -0.166105 2.27586 255 255 255
0.0371568 -0.166105 2.27586 255 255 255
0.0372558 0.236155 2.27671 255 255 255
0.0422399 0.943377 2.57417 255 255 255
0.0378401 0.353056 2.30596 255 255 255
0.0379294 0.368014 2.31106 255 255 255
0.0379294 0.368014 2.31106 255 255 255
0.0382604 -0.264609 2.31472 255 255 255
0.0446173 0.909738 2.64912 255 255 255
0.0446173 0.909738 2.64912 255 255 255
0.0390507 0.380506 2.31573 255 255 255
0.0438733 0.929722 2.59799 255 255 255
0.03895 0.350694 2.30537 255 255 255
0.038502 -0.173615 2.27823 255 255 255
0.038502 -0.173615 2.27823 255 255 255
0.039011 0.338478 2.3019 255 255 255
0.040375 0.427685 2.33364 255 255 255
0.0456719 -0.886423 2.6359 255 255 255
0.0399413 -0.240995 2.30327 255 255 255
0.0450081 0.940076 2.58071 255 255 255
0.0453828 0.932234 2.59617 255 255 255
0.0407605 0.393174 2.31962 255 255 255
0.0463537 -0.504918 2.62795 255 255 255
0.0402548 -0.17026 2.27736 255 255 255
0.0402548 -0.17026 2.27736 255 255 255
0.0404107 0.226361 2.27493 255 255 255
0.0413564 0.352885 2.30661 255 255 255
0.0417854 0.413042 2.32819 255 255 255
0.0414892 0.333599 2.30077 255 255 255
0.0411744 0.220476 2.27427 255 255 255
0.0467296 0.94457 2.57428 255 255 255
0.0467296 0.94457 2.57428 255 255 255
0.0419687 -0.231201 2.29879 255 255 255
0.0424308 0.350284 2.30616 255 255 255
0.0424528 0.327794 2.29854 255 255 255
0.0424528 0.327794 2.29854 255 255 255
0.0440296 -0.340453 2.37164 255 255 255
0.0494066 -0.696735 2.65895 255 255 255
0.0494066 -0.696735 2.65895 255 255 255
0.0435105 -0.289225 2.3295 255 255 255
0.0427259 -0.167264 2.27673 255 255 255
0.0429001 -0.17748 2.27943 255 255 255
0.0488138 0.942093 2.57703 255 255 255
0.0437334 0.340192 2.30264 255 255 255
0.0445405 0.413438 2.32802 255 255 255
0.0435606 -0.164389 2.27601 255 255 255
0.0432189 0.061804 2.25674 255 255 255
0.0516081 -0.65805 2.67124 255 255 255
0.0450132 -0.284928 2.32651 255 255 255
0.0517299 -0.646896 2.67036 255 255 255
0.0442384 -0.180259 2.28038 255 255 255
0.0442384 -0.180259 2.28038 255 255 255
0.0442961 -0.152368 2.27323 255 255 255
0.044827 0.320814 2.297 255 255 255
0.0456286 -0.29485 2.33267 255 255 255
0.0473016 0.716598 2.41409 255 255 255
0.0461023 0.459644 2.34827 255 255 255
0.0465616 0.583284 2.35821 255 255 255
0.046557 0.470201 2.35371 255 255 255
0.046018 0.405921 2.3253 255 255 255
0.0457023 0.336315 2.30183 255 255 255
0.0463556 -0.289184 2.33025 255 255 255
0.051484 0.94717 2.57176 255 255 255
0.0532309 0.909866 2.65046 255 255 255
0.0514383 0.960767 2.56045 255 255 255
0.0460383 -0.170943 2.27799 255 255 255
0.0533675 -0.89032 2.63805 255 255 255
0.0543767 -0.639489 2.67064 255 255 255
0.0462658 -0.146076 2.27234 255 255 255
0.0467345 0.31434 2.29492 255 255 255
0.0534066 0.954412 2.56475 255 255 255
0.049021 0.473459 2.35361 255 255 255
0.0548978 -0.511375 2.6342 255 255 255
0.0477019 0.237282 2.27773 255 255 255
0.0477924 -0.16746 2.2774 255 255 255
0.048984 -0.290377 2.33055 255 255 255
0.0483043 -0.195455 2.28511 255 255 255
0.0481065 -0.160844 2.27573 255 255 255
0.0484815 -0.189568 2.28311 255 255 255
0.0486595 -0.172941 2.2788 255 255 255
0.0495395 -0.266642 2.3166 255 255 255
0.0509472 0.582215 2.35836 255 255 255
0.0504382 -0.294301 2.33299 255 255 255
0.0504382 -0.294301 2.33299 255 255 255
0.049701 0.319149 2.29694 255 255 255
0.0503112 -0.278815 2.32238 255 255 255
0.0496813 -0.187275 2.28349 255 255 255
0.0504605 -0.270107 2.31911 255 255 255
0.0501964 0.323064 2.29809 255 255 255
0.0498341 -0.157708 2.27528 255 255 255
0.0500859 -0.180451 2.28092 255 255 255
0.0509131 0.380044 2.31633 255 255 255
0.051651 0.446856 2.34202 255 255 255
0.0511877 -0.25174 2.3098 255 255 255
0.0510286 0.335598 2.30129 255 255 255
0.058237 -0.498889 2.62354 255 255 255
0.0595404 -0.665221 2.67038 255 255 255
0.0513957 -0.229755 2.29885 255 255 255
0.0595978 -0.699621 2.66118 255 255 255
0.0522936 -0.263047 2.31534 255 255 255
0.0586061 0.931631 2.59287 255 255 255
0.0604411 -0.640063 2.67262 255 255 255
0.0603697 -0.556149 2.66209 255 255 255
0.0521049 0.314322 2.29541 255 255 255
0.0529222 0.405358 2.32558 255 255 255
0.0610509 -0.67338 2.66938 255 255 255
0.0521962 -0.152426 2.27456 255 255 255
0.0610098 -0.529629 2.65559 255 255 255
0.0535493 -0.28789 2.33014 255 255 255
0.0529183 0.324234 2.29839 255 255 255
0.0535754 0.397562 2.32139 255 255 255
0.0535754 0.397562 2.32139 255 255 255
0.053789 -0.282827 2.32663 255 255 255
0.0539303 0.348367 2.30766 255 255 255
0.0571998 -0.393997 2.43745 255 255 255
0.0539722 -0.227504 2.29831 255 255 255
0.0548571 0.428326 2.33331 255 255 255
0.0623317 -0.729405 2.65106 255 255 255
0.0629174 -0.671958 2.6714 255 255 255
0.054994 0.406054 2.32602 255 255 255
0.0544014 0.320067 2.29787 255 255 255
0.0544014 0.320067 2.29787 255 255 255
0.0557371 -0.318255 2.35201 255 255 255
0.060937 -0.787874 2.56882 255 255 255
0.0548986 0.369407 2.31353 255 255 255
0.0631768 0.905178 2.66041 255 255 255
0.054732 0.299831 2.2923 255 255 255
0.054732 0.299831 2.2923 255 255 255
0.0553447 -0.264825 2.3164 255 255 255
0.0641833 -0.669659 2.67167 255 255 255
0.0547205 -0.168115 2.27809 255 255 255
0.0567559 0.581872 2.35823 255 255 255
0.063673 -0.885069 2.64049 255 255 255
0.0559486 -0.204744 2.28943 255 255 255
0.0559486 -0.204744 2.28943 255 255 255
0.0646841 -0.890205 2.64182 255 255 255
0.0655767 -0.661888 2.67631 255 255 255
0.0578713 0.473399 2.35443 255 255 255
0.0593706 0.7547 2.41408 255 255 255
0.0562978 -0.189019 2.28456 255 255 255
0.0633868 0.960106 2.56319 255 255 255
0.0569949 0.326135 2.2989 255 255 255
0.0584773 0.438878 2.33988 255 255 255
0.0649304 0.950875 2.57085 255 255 255
0.0581059 -0.221281 2.29612 255 255 255
0.0593441 -0.293423 2.33399 255 255 255
0.0653922 0.974177 2.55846 255 255 255
0.060277 0.47618 2.35602 255 255 255
0.060001 -0.299066 2.33764 255 255 255
0.0588618 -0.190011 2.28514 255 255 255
0.0600498 -0.284135 2.32834 255 255 255
0.0689057 -0.572971 2.66666 255 255 255
0.0689057 -0.572971 2.66666 255 255 255
0.060808 0.463739 2.34971 255 255 255
0.066635 -0.792021 2.56967 255 255 255
0.0595295 -0.218871 2.29582 255 255 255
0.0595945 -0.181062 2.28442 255 255 255
0.0608282 -0.266901 2.31831 255 255 255
0.0608282 -0.266901 2.31831 255 255 255
0.0609849 -0.235588 2.30265 255 255 255
0.0688607 0.934175 2.59769 255 255 255
0.061795 -0.28758 2.33139 255 255 255
0.0619447 0.430068 2.3368 255 255 255
0.06139 0.3621 2.31153 255 255 255
0.0690957 0.937526 2.59294 255 255 255
0.0614002 -0.189652 2.2854 255 255 255
0.0622015 -0.231056 2.30101 255 255 255
0.062847 -0.277478 2.32366 255 255 255
0.072225 -0.566801 2.66852 255 255 255
0.0681801 0.804665 2.51575 255 255 255
0.0651131 0.669128 2.40116 255 255 255
0.0724085 -0.563802 2.66939 255 255 255
0.063662 0.45394 2.34565 255 255 255
0.0631548 0.41402 2.3268 255 255 255
0.061889 -0.141535 2.27304 255 255 255
0.061889 -0.141535 2.27304 255 255 255
0.0637562 -0.285695 2.33182 255 255 255
0.0631145 0.347761 2.30698 255 255 255
0.0705563 -0.787804 2.57124 255 255 255
0.0733927 -0.627963 2.66871 255 255 255
0.064667 0.450489 2.3457 255 255 255
0.0735199 -0.580473 2.66557 255 255 255
0.0631423 -0.147611 2.27448 255 255 255
0.0634134 -0.176989 2.28169 255 255 255
0.0716315 -0.792312 2.57143 255 255 255
0.0656725 0.44157 2.34209 255 255 255
0.0661228 0.460997 2.35012 255 255 255
0.0650407 0.351556 2.30857 255 255 255
0.064265 -0.167256 2.27938 255 255 255
0.0662251 0.456008 2.34829 255 255 255
0.0656745 0.405557 2.32692 255 255 255
0.065339 0.355886 2.31007 255 255 255
0.0656944 -0.268473 2.3201 255 255 255
0.0754186 -0.53381 2.6563 255 255 255
0.0667055 -0.309656 2.3459 255 255 255
0.0655958 -0.18775 2.28536 255 255 255
0.0771266 -0.564403 2.67093 255 255 255
0.0677646 -0.295 2.33719 255 255 255
0.0681092 0.444199 2.34337 255 255 255
0.0681092 0.444199 2.34337 255 255 255
0.0684515 -0.289811 2.33345 255 255 255
0.0691156 -0.316902 2.35285 255 255 255
0.0694316 0.458475 2.3495 255 255 255
0.0763856 0.94434 2.58071 255 255 255
0.0682447 -0.23882 2.30268 255 255 255
0.0675334 -0.154067 2.27639 255 255 255
0.0675334 -0.154067 2.27639 255 255 255
0.0689524 -0.271646 2.32189 255 255 255
0.0792654 -0.58452 2.66479 255 255 255
0.0800464 -0.643674 2.68002 255 255 255
0.0686337 -0.186329 2.28521 255 255 255
0.0701122 -0.281758 2.32849 255 255 255
0.072661 0.688608 2.40156 255 255 255
0.0789807 0.933811 2.60156 255 255 255
0.0702106 -0.249874 2.31114 255 255 255
0.0705215 -0.260692 2.31678 255 255 255
0.0714221 0.422306 2.33496 255 255 255
0.0709375 0.347551 2.30787 255 255 255
0.0789517 0.968973 2.56298 255 255 255
0.0702215 -0.165174 2.27971 255 255 255
0.0727172 -0.32097 2.35668 255 255 255
0.0826546 -0.58102 2.66941 255 255 255
0.0707913 -0.188545 2.28624 255 255 255
0.0794208 0.998193 2.55992 255 255 255
0.080829 -0.805603 2.57873 255 255 255
0.080829 -0.805603 2.57873 255 255 255
0.0735257 -0.296095 2.33779 255 255 255
0.0735931 -0.284237 2.33015 255 255 255
0.0831013 0.91984 2.62159 255 255 255
0.0831013 0.91984 2.62159 255 255 255
0.0739426 -0.270651 2.32259 255 255 255
0.0727317 -0.143745 2.27621 255 255 255
0.0778306 0.71806 2.42909 255 255 255
0.0744438 -0.266635 2.32075 255 255 255
0.0824897 0.962505 2.5669 255 255 255
0.075081 -0.288792 2.33456 255 255 255
0.0734811 -0.169128 2.28094 255 255 255
0.0745983 -0.255523 2.3141 255 255 255
0.0845339 0.927928 2.60917 255 255 255
0.0772612 0.575519 2.36127 255 255 255
0.0745668 -0.15078 2.27915 255 255 255
0.0872341 -0.726467 2.66184 255 255 255
0.0750229 -0.187134 2.28656 255 255 255
0.0749807 -0.175275 2.28274 255 255 255
0.0767194 -0.276867 2.32618 255 255 255
0.087845 0.910978 2.66196 255 255 255
0.0751687 -0.150709 2.27776 255 255 255
0.0874692 -0.889982 2.64948 255 255 255
0.0874692 -0.889982 2.64948 255 255 255
0.0777014 -0.311409 2.35046 255 255 255
0.0888385 -0.655057 2.68445 255 255 255
0.0764839 -0.246366 2.30995 255 255 255
0.0761434 -0.223074 2.29962 255 255 255
0.0769552 -0.270053 2.32266 255 255 255
0.0806522 0.717701 2.43023 255 255 255
0.0757243 -0.160387 2.2797 255 255 255
0.0859737 0.94193 2.58715 255 255 255
0.0758095 -0.16436 2.28071 255 255 255
0.0763836 -0.176334 2.28335 255 255 255
0.0790504 -0.314962 2.3535 255 255 255
0.0777229 -0.24809 2.31113 255 255 255
0.0769634 -0.189956 2.28736 255 255 255
0.0771754 -0.188562 2.2872 255 255 255
0.0784738 -0.275207 2.32556 255 255 255
0.0780839 -0.253315 2.31385 255 255 255
0.0909368 -0.667027 2.6836 255 255 255
0.0788279 0.376654 2.31927 255 255 255
0.0788279 0.376654 2.31927 255 255 255
0.0796995 -0.295273 2.33895 255 255 255
0.0823452 0.663853 2.40818 255 255 255
0.0789306 -0.239497 2.30666 255 255 255
0.0789306 -0.239497 2.30666 255 255 255
0.0792741 -0.24482 2.30988 255 255 255
0.0795448 -0.255054 2.3152 255 255 255
0.0809833 -0.318264 2.35543 255 255 255
0.0798734 -0.270089 2.32306 255 255 255
0.0798214 0.372449 2.31516 255 255 255
0.0786159 -0.156796 2.27899 255 255 255
0.078771 -0.175348 2.28336 255 255 255
0.0887986 0.966137 2.567 255 255 255
0.0890689 0.9545 2.57395 255 255 255
0.0890689 0.9545 2.57395 255 255 255
0.0926084 -0.695824 2.6755 255 255 255
0.0801504 -0.248981 2.31186 255 255 255
0.0920338 -0.889245 2.65152 255 255 255
0.0824978 0.516237 2.36865 255 255 255
0.0840043 0.664052 2.40968 255 255 255
0.0931958 -0.715645 2.66836 255 255 255
0.080317 -0.222539 2.2996 255 255 255
0.0816507 0.405278 2.33009 255 255 255
0.091449 0.932103 2.60845 255 255 255
0.0804091 -0.187293 2.28792 255 255 255
0.0817579 -0.274291 2.32536 255 255 255
0.0810452 0.331214 2.30423 255 255 255
0.0810452 0.331214 2.30423 255 255 255
0.0809087 -0.219801 2.29881 255 255 255
0.0820125 0.400807 2.32839 255 255 255
0.0813255 -0.240558 2.3081 255 255 255
0.0818067 -0.261925 2.31879 255 255 255
0.0830897 0.434955 2.34215 255 255 255
0.0855247 0.660899 2.41041 255 255 255
0.0808795 -0.147383 2.27703 255 255 255
0.0815812 -0.211564 2.29563 255 255 255
0.0857814 0.626307 2.40471 255 255 255
0.0843112 -0.313337 2.35235 255 255 255
0.0925193 -0.782553 2.57845 255 255 255
0.0935238 0.93402 2.60541 255 255 255
0.0819763 -0.1739 2.28355 255 255 255
0.0835807 0.399102 2.32778 255 255 255
0.0847898 -0.316885 2.35575 255 255 255
0.0832721 -0.249309 2.31237 255 255 255
0.0925745 1.00656 2.56395 255 255 255
0.0833956 -0.238745 2.30851 255 255 255
0.082703 -0.191092 2.2883 255 255 255
0.0840411 -0.271334 2.32448 255 255 255
0.0933165 -0.786342 2.57734 255 255 255
0.0827272 -0.178949 2.28461 255 255 255
0.0832756 -0.219344 2.29914 255 255 255
0.0874198 0.647568 2.4112 255 255 255
0.0847463 -0.288924 2.33585 255 255 255
0.0933799 0.965142 2.56958 255 255 255
0.0939982 0.944465 2.58489 255 255 255
0.0940487 0.949497 2.57876 255 255 255
0.0940487 0.949497 2.57876 255 255 255
0.0833735 -0.159444 2.28011 255 255 255
0.0833735 -0.159444 2.28011 255 255 255
0.0941184 0.958729 2.57244 255 255 255
0.0943355 -0.788485 2.57711 255 255 255
0.0841632 -0.216759 2.29868 255 255 255
0.0839451 -0.200314 2.29207 255 255 255
0.0838866 -0.18143 2.28641 255 255 255
0.0854947 0.403517 2.32977 255 255 255
0.0974877 -0.890361 2.65362 255 255 255
0.0974877 -0.890361 2.65362 255 255 255
0.0959886 0.932892 2.60994 255 255 255
0.0850089 -0.231217 2.30495 255 255 255
0.0850142 -0.199151 2.29204 255 255 255
0.0866763 -0.285818 2.33436 255 255 255
0.0861797 0.377277 2.32062 255 255 255
0.0881382 0.514736 2.37045 255 255 255
0.086876 0.412568 2.33322 255 255 255
0.0868352 0.407514 2.33133 255 255 255
0.0861968 -0.250408 2.31346 255 255 255
0.0864872 -0.267134 2.32097 255 255 255
0.0991069 -0.892365 2.65395 255 255 255
0.0899293 0.623782 2.40694 255 255 255
0.0886322 0.506745 2.37178 255 255 255
0.0855777 -0.179534 2.28612 255 255 255
0.0962801 0.967564 2.56809 255 255 255
0.0980478 0.930913 2.61248 255 255 255
0.0905355 0.66394 2.41118 255 255 255
0.0857892 -0.170932 2.28362 255 255 255
0.0893999 -0.340679 2.37758 255 255 255
0.0877881 -0.276476 2.32835 255 255 255
0.091075 0.667143 2.4114 255 255 255
0.0912156 0.653351 2.41369 255 255 255
0.0875363 -0.221482 2.30111 255 255 255
0.0979931 0.971189 2.56767 255 255 255
0.0871812 -0.175088 2.285 255 255 255
0.0876532 -0.201845 2.29352 255 255 255
0.092154 0.619263 2.40969 255 255 255
0.0898467 0.409513 2.33288 255 255 255
0.0907626 0.456026 2.35219 255 255 255
0.0907626 0.456026 2.35219 255 255 255
0.0882201 -0.168839 2.28357 255 255 255
0.0892459 -0.235417 2.30683 255 255 255
0.0919561 0.470973 2.35895 255 255 255
0.094329 0.647296 2.41501 255 255 255
0.0890094 -0.132333 2.27572 255 255 255
0.100568 1.00771 2.56686 255 255 255
0.0920559 0.438936 2.34534 255 255 255
0.0905402 -0.229741 2.3044 255 255 255
0.0905956 -0.232307 2.30474 255 255 255
0.0901393 -0.197385 2.29217 255 255 255
0.089937 -0.162087 2.28205 255 255 255
0.0908255 -0.226129 2.30295 255 255 255
0.0926488 0.443552 2.3474 255 255 255
0.105658 -0.72908 2.66958 255 255 255
0.0939319 0.504222 2.37242 255 255 255
0.0907032 -0.186478 2.28858 255 255 255
0.0917393 -0.238567 2.30902 255 255 255
0.0929344 -0.290515 2.33801 255 255 255
0.0929344 -0.290515 2.33801 255 255 255
0.0922345 -0.243083 2.30903 255 255 255
0.0922345 -0.243083 2.30903 255 255 255
0.103981 0.941105 2.59691 255 255 255
0.091807 -0.1822 2.28796 255 255 255
0.0916971 -0.163235 2.28243 255 255 255
0.104095 0.94523 2.5889 255 255 255
0.105135 0.932027 2.61284 255 255 255
0.0921139 -0.184363 2.28851 255 255 255
0.0921139 -0.184363 2.28851 255 255 255
0.0935581 -0.266972 2.3235 255 255 255
0.104459 -0.807975 2.58793 255 255 255
0.0920349 -0.151079 2.27983 255 255 255
0.0924592 -0.180341 2.28747 255 255 255
0.105308 0.937814 2.60206 255 255 255
0.104172 0.962279 2.57357 255 255 255
0.0960968 0.49555 2.37022 255 255 255
0.0934559 -0.194568 2.29197 255 255 255
0.0944025 0.348379 2.3124 255 255 255
0.0959199 0.44151 2.34713 255 255 255
0.107173 0.923495 2.62155 255 255 255
0.0937788 -0.19995 2.29381 255 255 255
0.0944292 -0.229849 2.30538 255 255 255
0.106657 -0.822103 2.60303 255 255 255
0.0943138 -0.204425 2.29559 255 255 255
0.0941672 -0.189503 2.2902 255 255 255
0.0960007 -0.277885 2.33059 255 255 255
0.108029 0.930816 2.61484 255 255 255
0.10708 0.943241 2.59168 255 255 255
0.110457 0.866486 2.67161 255 255 255
0.111771 -0.680806 2.69057 255 255 255
0.0948609 -0.164453 2.28381 255 255 255
0.109121 0.928623 2.61736 255 255 255
0.0962869 -0.235846 2.30889 255 255 255
0.100769 0.630149 2.41509 255 255 255
0.0951785 -0.153789 2.28083 255 255 255
0.0959819 -0.188701 2.29025 255 255 255
0.0979405 0.411369 2.33514 255 255 255
0.096658 -0.204436 2.29669 255 255 255
0.0966906 -0.181072 2.28852 255 255 255
0.0966906 -0.181072 2.28852 255 255 255
0.0987801 -0.28109 2.33299 255 255 255
0.0970875 -0.19243 2.292 255 255 255
0.0970875 -0.19243 2.292 255 255 255
0.110663 0.934232 2.60834 255 255 255
0.0984877 -0.260524 2.32096 255 255 255
0.0982372 -0.243834 2.31267 255 255 255
0.109247 0.997652 2.56785 255 255 255
0.0976042 -0.200165 2.29444 255 255 255
0.110215 0.946609 2.58931 255 255 255
0.100418 0.458966 2.35568 255 255 255
0.0983002 -0.21668 2.29918 255 255 255
0.110901 0.949309 2.58671 255 255 255
0.0990859 0.334882 2.30875 255 255 255
0.0990859 0.334882 2.30875 255 255 255
0.0998567 -0.264494 2.32335 255 255 255
0.115593 -0.715103 2.68025 255 255 255
0.0985709 -0.157927 2.28138 255 255 255
0.111171 0.97141 2.57204 255 255 255
0.100477 0.343266 2.31036 255 255 255
0.0997492 -0.193689 2.29305 255 255 255
0.100642 -0.243734 2.31308 255 255 255
0.0999623 -0.204191 2.29664 255 255 255
0.116293 -0.757467 2.66252 255 255 255
0.100084 -0.187458 2.29109 255 255 255
0.10286 0.433893 2.34556 255 255 255
0.116466 -0.506649 2.65398 255 255 255
0.117192 -0.75289 2.66643 255 255 255
0.100201 -0.145308 2.27987 255 255 255
0.100384 -0.161934 2.28382 255 255 255
0.113939 0.948611 2.58932 255 255 255
0.113939 0.948611 2.58932 255 255 255
0.102386 0.368328 2.32052 255 255 255
0.101695 -0.210607 2.29943 255 255 255
0.101552 -0.200814 2.29573 255 255 255
0.102328 -0.242682 2.31305 255 255 255
0.103673 0.424929 2.34027 255 255 255
0.103177 -0.258046 2.32091 255 255 255
0.101693 -0.156553 2.28311 255 255 255
0.11991 -0.537707 2.68125 255 255 255
0.102783 -0.203375 2.29688 255 255 255
0.102783 -0.203375 2.29688 255 255 255
0.115348 0.970534 2.57377 255 255 255
0.120949 -0.705205 2.6886 255 255 255
0.120949 -0.705205 2.6886 255 255 255
0.103315 -0.198993 2.29493 255 255 255
0.106549 -0.325727 2.36416 255 255 255
0.103084 -0.166462 2.28572 255 255 255
0.103084 -0.166462 2.28572 255 255 255
0.118295 0.931341 2.62016 255 255 255
0.103518 -0.191521 2.29268 255 255 255
0.105555 0.413792 2.33767 255 255 255
0.103563 -0.194066 2.29357 255 255 255
0.106928 0.475959 2.36434 255 255 255
0.103231 -0.132754 2.27815 255 255 255
0.117684 0.945386 2.59464 255 255 255
0.105235 -0.25641 2.32031 255 255 255
0.107871 0.530904 2.37712 255 255 255
0.10781 0.519857 2.37604 255 255 255
0.10439 -0.211748 2.30036 255 255 255
0.106616 -0.297935 2.34633 255 255 255
0.103999 -0.157853 2.28361 255 255 255
0.104291 -0.162222 2.28498 255 255 255
0.107523 -0.309184 2.35494 255 255 255
0.107523 -0.309184 2.35494 255 255 255
0.10514 -0.214467 2.30167 255 255 255
0.111874 0.73946 2.44158 255 255 255
0.105471 -0.197199 2.29514 255 255 255
0.105471 -0.197199 2.29514 255 255 255
0.107157 0.397275 2.33174 255 255 255
0.119088 0.95278 2.58574 255 255 255
0.119088 0.95278 2.58574 255 255 255
0.109609 0.516381 2.37935 255 255 255
0.109668 0.548346 2.38092 255 255 255
0.106848 0.352439 2.31907 255 255 255
0.105823 -0.201808 2.29654 255 255 255
0.10802 0.421031 2.3416 255 255 255
0.105213 -0.135169 2.279 255 255 255
0.106159 -0.206553 2.29886 255 255 255
0.123128 -0.762157 2.66586 255 255 255
0.118844 0.993528 2.57278 255 255 255
0.106001 -0.194096 2.29395 255 255 255
0.106001 -0.194096 2.29395 255 255 255
0.108744 0.442911 2.35049 255 255 255
0.105807 -0.16429 2.28589 255 255 255
0.112232 0.638261 2.422 255 255 255
0.106462 -0.190783 2.29326 255 255 255
0.106871 -0.211252 2.30029 255 255 255
0.107131 -0.210242 2.30063 255 255 255
0.110148 0.463946 2.36088 255 255 255
0.108404 0.3706 2.32264 255 255 255
0.110406 0.471142 2.3632 255 255 255
0.106774 -0.160002 2.28524 255 255 255
0.126417 -0.633295 2.70193 255 255 255
0.111586 0.540782 2.38036 255 255 255
0.107801 -0.208174 2.29955 255 255 255
0.107455 -0.170441 2.28781 255 255 255
0.121444 0.982093 2.57422 255 255 255
0.110801 -0.299942 2.34886 255 255 255
0.122363 0.953934 2.59001 255 255 255
0.108858 -0.21686 2.30324 255 255 255
0.113094 0.549954 2.38208 255 255 255
0.108898 -0.163574 2.28628 255 255 255
0.127232 -0.768217 2.6661 255 255 255
0.112165 -0.294881 2.34579 255 255 255
0.11387 0.510165 2.38085 255 255 255
0.113872 -0.337932 2.38092 255 255 255
0.109259 -0.156837 2.28451 255 255 255
0.109259 -0.156837 2.28451 255 255 255
0.1102 -0.212677 2.30186 255 255 255
0.124543 0.943476 2.59801 255 255 255
0.110523 -0.204913 2.29887 255 255 255
0.111056 -0.218528 2.30414 255 255 255
0.114723 0.510113 2.37864 255 255 255
0.112798 -0.27369 2.33198 255 255 255
0.130625 -0.712215 2.69135 255 255 255
0.111379 -0.181306 2.29235 255 255 255
0.111379 -0.181306 2.29235 255 255 255
0.111827 -0.208814 2.30067 255 255 255
0.111827 -0.208814 2.30067 255 255 255
0.112045 -0.21471 2.30286 255 255 255
0.114708 0.449985 2.35487 255 255 255
0.111035 -0.128689 2.27858 255 255 255
0.112747 0.33102 2.3104 255 255 255
0.111914 -0.154862 2.28487 255 255 255
0.112847 -0.211242 2.30177 255 255 255
0.113996 0.368285 2.32317 255 255 255
0.113996 0.368285 2.32317 255 255 255
0.11415 0.363337 2.32196 255 255 255
0.117605 0.513981 2.38118 255 255 255
0.113894 -0.221538 2.30576 255 255 255
0.113894 -0.221538 2.30576 255 255 255
0.116024 0.431605 2.34804 255 255 255
0.11283 -0.146274 2.28253 255 255 255
0.11537 -0.277038 2.3331 255 255 255
0.133165 -0.714368 2.69186 255 255 255
0.116874 0.464051 2.36072 255 255 255
0.113198 -0.143095 2.28223 255 255 255
0.117022 0.441027 2.35201 255 255 255
0.11428 -0.191194 2.2957 255 255 255
0.117051 -0.297829 2.34818 255 255 255
0.11873 0.50787 2.38183 255 255 255
0.11873 0.50787 2.38183 255 255 255
0.116668 -0.270533 2.32959 255 255 255
0.11819 0.457097 2.35899 255 255 255
0.115135 -0.195937 2.2977 255 255 255
0.119412 0.51915 2.38252 255 255 255
0.12983 0.952979 2.58909 255 255 255
0.118186 0.45268 2.35715 255 255 255
0.122096 0.639892 2.428 255 255 255
0.115138 -0.163027 2.2885 255 255 255
0.115138 -0.163027 2.2885 255 255 255
0.115665 -0.202177 2.29891 255 255 255
0.115018 -0.154014 2.28525 255 255 255
0.116079 -0.213838 2.30363 255 255 255
0.115908 -0.20517 2.30024 255 255 255
0.131712 0.940025 2.60745 255 255 255
0.120515 0.527196 2.38334 255 255 255
0.11679 -0.221392 2.30625 255 255 255
0.120791 0.51405 2.38294 255 255 255
0.119157 -0.291444 2.34488 255 255 255
0.117521 -0.226883 2.30945 255 255 255
0.11617 -0.142667 2.28301 255 255 255
0.11617 -0.142667 2.28301 255 255 255
0.137133 0.91007 2.69071 255 255 255
0.118425 0.364113 2.32287 255 255 255
0.119654 -0.293734 2.34654 255 255 255
0.117267 -0.19998 2.29873 255 255 255
0.117962 0.329265 2.31103 255 255 255
0.116756 -0.150803 2.28522 255 255 255
0.136772 -0.759056 2.67561 255 255 255
0.11792 -0.197385 2.29783 255 255 255
0.134319 0.938899 2.61335 255 255 255
0.118404 -0.205329 2.30092 255 255 255
0.117403 -0.130464 2.2808 255 255 255
0.126229 0.717137 2.44583 255 255 255
0.123066 0.522544 2.38411 255 255 255
0.11931 -0.221025 2.30699 255 255 255
0.121338 0.421837 2.34428 255 255 255
0.13365 0.996036 2.57806 255 255 255
0.122519 0.459934 2.36084 255 255 255
0.13413 0.973813 2.58082 255 255 255
0.13413 0.973813 2.58082 255 255 255
0.120039 -0.228545 2.31004 255 255 255
0.120039 -0.228545 2.31004 255 255 255
0.134658 0.961253 2.58676 255 255 255
0.122432 -0.294289 2.34758 255 255 255
0.120438 -0.224052 2.30812 255 255 255
0.120096 -0.199046 2.29893 255 255 255
0.12049 -0.211046 2.30342 255 255 255
0.121939 -0.24909 2.31862 255 255 255
0.120921 -0.193929 2.29771 255 255 255
0.141615 -0.731489 2.6911 255 255 255
0.120846 -0.168637 2.29032 255 255 255
0.121884 -0.218411 2.30645 255 255 255
0.12372 -0.282112 2.33937 255 255 255
0.122299 -0.226031 2.3094 255 255 255
0.137524 0.949889 2.59648 255 255 255
0.121155 -0.152299 2.28631 255 255 255
0.122139 -0.207029 2.30206 255 255 255
0.137889 0.955205 2.59181 255 255 255
0.127296 0.525377 2.38657 255 255 255
0.121884 -0.146225 2.28506 255 255 255
0.130254 0.699109 2.44031 255 255 255
0.125878 0.451453 2.35808 255 255 255
0.126101 0.424298 2.34712 255 255 255
0.126101 0.424298 2.34712 255 255 255
0.123949 -0.205338 2.30232 255 255 255
0.126787 -0.299849 2.35257 255 255 255
0.126787 -0.299849 2.35257 255 255 255
0.124045 -0.186922 2.29632 255 255 255
0.127777 0.465991 2.36444 255 255 255
0.128499 0.486014 2.37486 255 255 255
0.124692 0.298635 2.3044 255 255 255
0.125038 -0.226352 2.31041 255 255 255
0.125128 -0.217226 2.30676 255 255 255
0.125682 -0.236091 2.31513 255 255 255
0.125682 -0.236091 2.31513 255 255 255
0.129611 0.530624 2.38749 255 255 255
0.140186 0.995478 2.58001 255 255 255
0.129854 0.527478 2.38748 255 255 255
0.125855 -0.23313 2.31369 255 255 255
0.128357 0.428605 2.34971 255 255 255
0.1264 -0.227837 2.31119 255 255 255
0.124266 -0.0385004 2.27222 255 255 255
0.125312 -0.164114 2.29001 255 255 255
0.126391 -0.20411 2.30255 255 255 255
0.125675 -0.146207 2.28611 255 255 255
0.12674 -0.201576 2.30161 255 255 255
0.129062 -0.282708 2.34155 255 255 255
0.127196 -0.205882 2.30312 255 255 255
0.128048 0.328881 2.31476 255 255 255
0.130218 0.423649 2.34847 255 255 255
0.128469 0.317867 2.31195 255 255 255
0.128469 0.317867 2.31195 255 255 255
0.127108 -0.152371 2.28749 255 255 255
0.128788 -0.237402 2.31664 255 255 255
0.127485 -0.150332 2.28696 255 255 255
0.131923 0.462462 2.36455 255 255 255
0.128152 -0.183342 2.29629 255 255 255
0.133583 0.529728 2.38994 255 255 255
0.144966 1.00904 2.5858 255 255 255
0.127553 -0.0384486 2.27289 255 255 255
0.128866 -0.172419 2.29322 255 255 255
0.128175 -0.0321265 2.27255 255 255 255
0.129316 -0.16251 2.29062 255 255 255
0.129618 -0.177206 2.29478 255 255 255
0.130872 -0.233275 2.31441 255 255 255
0.129362 -0.146273 2.28716 255 255 255
0.135189 0.540461 2.38962 255 255 255
0.146276 1.00219 2.58433 255 255 255
0.130476 -0.207351 2.30471 255 255 255
0.130936 0.3229 2.31267 255 255 255
0.131147 0.33347 2.31576 255 255 255
0.129594 -0.151542 2.2882 255 255 255
0.130534 -0.20249 2.30334 255 255 255
0.128818 0.0460004 2.27021 255 255 255
0.154323 -0.552266 2.71636 255 255 255
0.130092 -0.144064 2.28656 255 255 255
0.13615 0.535256 2.39068 255 255 255
0.131666 -0.220752 2.30949 255 255 255
0.131666 -0.220752 2.30949 255 255 255
0.129803 -0.03605 2.27328 255 255 255
0.129845 -0.0184672 2.2721 255 255 255
0.132229 0.330123 2.31356 255 255 255
0.130085 -0.064073 2.27526 255 255 255
0.135166 0.456964 2.3632 255 255 255
0.13215 -0.213315 2.30694 255 255 255
0.132738 -0.235859 2.31656 255 255 255
0.132867 -0.240282 2.31861 255 255 255
0.131214 -0.147777 2.28762 255 255 255
0.148419 0.996766 2.58421 255 255 255
0.150559 0.939883 2.62044 255 255 255
0.134016 -0.265008 2.33155 255 255 255
0.134016 -0.265008 2.33155 255 255 255
0.136411 0.472814 2.3707 255 255 255
0.136411 0.472814 2.3707 255 255 255
0.133752 0.357484 2.32423 255 255 255
0.133582 -0.243312 2.32021 255 255 255
0.136145 0.45922 2.36443 255 255 255
0.131154 -0.0130262 2.27245 255 255 255
0.132026 -0.127892 2.28417 255 255 255
0.1366 0.449337 2.36045 255 255 255
0.132792 -0.169262 2.29408 255 255 255
0.132913 -0.161679 2.29154 255 255 255
0.156694 -0.740666 2.69998 255 255 255
0.133019 0.232668 2.2917 255 255 255
0.132199 0.11559 2.27644 255 255 255
0.137233 0.453603 2.36262 255 255 255
0.137044 0.443313 2.35777 255 255 255
0.137986 -0.320929 2.37182 255 255 255
0.137986 -0.320929 2.37182 255 255 255
0.132305 0.0178887 2.27199 255 255 255
0.13234 0.0115692 2.27205 255 255 255
0.133036 -0.123445 2.28358 255 255 255
0.132568 -0.0481097 2.27474 255 255 255
0.132947 0.113542 2.27615 255 255 255
0.134757 -0.197383 2.30228 255 255 255
0.13422 -0.16557 2.29261 255 255 255
0.133249 0.109141 2.27579 255 255 255
0.133076 0.00200807 2.27237 255 255 255
0.134281 0.228966 2.29137 255 255 255
0.134281 0.228966 2.29137 255 255 255
0.134569 -0.17474 2.29535 255 255 255
0.134569 -0.17474 2.29535 255 255 255
0.136674 -0.26358 2.33117 255 255 255
0.134241 -0.148621 2.28883 255 255 255
0.133336 0.0206246 2.27235 255 255 255
0.140533 0.52747 2.39466 255 255 255
0.135459 -0.215834 2.30766 255 255 255
0.13586 0.327126 2.31408 255 255 255
0.13635 -0.243332 2.32105 255 255 255
0.133929 -0.0525711 2.27536 255 255 255
0.134581 -0.1292 2.28518 255 255 255
0.134797 -0.14463 2.2881 255 255 255
0.134797 -0.14463 2.2881 255 255 255
0.135876 0.298041 2.30631 255 255 255
0.135876 0.298041 2.30631 255 255 255
0.138903 0.435072 2.355 255 255 255
0.13625 -0.214194 2.3085 255 255 255
0.135298 0.217994 2.28983 255 255 255
0.139972 0.455313 2.364 255 255 255
0.140515 0.473933 2.37218 255 255 255
0.141044 -0.321637 2.37319 255 255 255
0.135245 0.0174097 2.27252 255 255 255
0.138096 -0.235615 2.31694 255 255 255
0.137208 -0.18982 2.30062 255 255 255
0.13683 0.237496 2.29356 255 255 255
0.138648 -0.246828 2.32359 255 255 255
0.139003 -0.257627 2.3291 255 255 255
0.138643 -0.243988 2.32196 255 255 255
0.14145 0.462462 2.36766 255 255 255
0.154535 1.00176 2.58455 255 255 255
0.137078 0.237366 2.29294 255 255 255
0.137075 0.233484 2.29275 255 255 255
0.137317 -0.173437 2.29567 255 255 255
0.136016 -0.0105885 2.27348 255 255 255
0.137733 -0.193035 2.30166 255 255 255
0.138001 -0.198432 2.30334 255 255 255
0.138001 -0.198432 2.30334 255 255 255
0.139334 0.355322 2.32508 255 255 255
0.141082 0.429965 2.35319 255 255 255
0.155264 0.99182 2.58904 255 255 255
0.136699 0.144239 2.27989 255 255 255
0.137166 0.183853 2.28452 255 255 255
0.137903 -0.176919 2.29655 255 255 255
0.142937 -0.328169 2.37991 255 255 255
0.136991 0.149593 2.28046 255 255 255
0.137075 0.155014 2.28099 255 255 255
0.137646 -0.148294 2.28989 255 255 255
0.137646 -0.148294 2.28989 255 255 255
0.141601 -0.295309 2.35332 255 255 255
0.136802 -0.00716047 2.27358 255 255 255
0.13727 0.120831 2.27787 255 255 255
0.139366 -0.216613 2.31024 255 255 255
0.164717 -0.554588 2.72903 255 255 255
0.140545 -0.251524 2.3274 255 255 255
0.142522 0.441776 2.35941 255 255 255
0.140389 0.349951 2.32344 255 255 255
0.138751 -0.165321 2.29396 255 255 255
0.140285 -0.236271 2.31896 255 255 255
0.137915 0.12888 2.27878 255 255 255
0.164221 -0.728186 2.71122 255 255 255
0.138057 -0.073564 2.27846 255 255 255
0.138157 0.106967 2.27699 255 255 255
0.138046 0.0693464 2.27488 255 255 255
0.138046 0.0693464 2.27488 255 255 255
0.15909 0.942096 2.62052 255 255 255
0.140987 -0.231288 2.31975 255 255 255
0.140355 -0.210041 2.30806 255 255 255
0.140824 -0.225436 2.31395 255 255 255
0.138863 -0.0896978 2.2803 255 255 255
0.141345 -0.239385 2.3207 255 255 255
0.1433 0.417695 2.34907 255 255 255
0.159042 0.951279 2.605 255 255 255
0.144037 -0.303014 2.35931 255 255 255
0.141813 -0.243097 2.32211 255 255 255
0.143111 0.400895 2.34222 255 255 255
0.140193 -0.152211 2.29143 255 255 255
0.139772 -0.11081 2.28335 255 255 255
0.140668 -0.17319 2.29664 255 255 255
0.140509 -0.149816 2.29122 255 255 255
0.158923 0.99714 2.58965 255 255 255
0.165475 -0.513455 2.69622 255 255 255
0.142726 -0.245659 2.32377 255 255 255
0.146593 0.506815 2.38689 255 255 255
0.141577 -0.187487 2.3009 255 255 255
0.140125 -0.00923559 2.27458 255 255 255
0.142959 -0.234173 2.31837 255 255 255
0.141823 0.235004 2.29857 255 255 255
0.141823 0.235004 2.29857 255 255 255
0.142636 -0.215772 2.31096 255 255 255
0.141694 -0.153774 2.29182 255 255 255
0.141411 -0.129603 2.28709 255 255 255
0.143456 0.332232 2.31983 255 255 255
0.140955 0.121779 2.27899 255 255 255
0.141247 -0.10885 2.28322 255 255 255
0.148308 0.534477 2.39635 255 255 255
0.142642 -0.198868 2.30476 255 255 255
0.147501 -0.32986 2.38272 255 255 255
0.143516 0.341383 2.31759 255 255 255
0.142101 0.233887 2.29421 255 255 255
0.143835 -0.239762 2.32152 255 255 255
0.143835 -0.239762 2.32152 255 255 255
0.141806 -0.125557 2.28645 255 255 255
0.144459 -0.249685 2.32667 255 255 255
0.144418 0.353533 2.32499 255 255 255
0.144143 0.335825 2.32046 255 255 255
0.16319 0.941836 2.62242 255 255 255
0.142895 -0.168862 2.29614 255 255 255
0.170472 -0.673176 2.73732 255 255 255
0.141735 0.0411077 2.27421 255 255 255
0.142118 0.111438 2.27922 255 255 255
0.142712 0.198061 2.28863 255 255 255
0.142509 -0.112145 2.28443 255 255 255
0.143716 -0.190787 2.30266 255 255 255
0.143234 -0.148862 2.29141 255 255 255
0.14403 -0.195737 2.30411 255 255 255
0.144737 -0.222032 2.31434 255 255 255
0.142325 -0.0205516 2.27572 255 255 255
0.14244 0.074375 2.27668 255 255 255
0.14429 -0.201447 2.30602 255 255 255
0.145743 -0.253506 2.32852 255 255 255
0.146414 -0.269895 2.33817 255 255 255
0.171226 -0.575269 2.73422 255 255 255
0.142485 0.0627407 2.27543 255 255 255
0.152788 -0.372121 2.43922 255 255 255
0.145539 -0.238645 2.3216 255 255 255
0.147355 -0.288371 2.34994 255 255 255
0.143856 0.231059 2.29396 255 255 255
0.146504 -0.262504 2.33447 255 255 255
0.142873 0.0634856 2.27546 255 255 255
0.145338 -0.218892 2.31284 255 255 255
0.147314 0.403729 2.3441 255 255 255
0.146888 -0.26486 2.33576 255 255 255
0.143395 -0.000537369 2.27524 255 255 255
0.143404 0.01728 2.27453 255 255 255
0.147427 -0.267183 2.3372 255 255 255
0.17125 -0.734843 2.71498 255 255 255
0.146671 -0.243018 2.32451 255 255 255
0.166883 0.933392 2.64283 255 255 255
0.150478 -0.320989 2.37585 255 255 255
0.144411 -0.0615868 2.27897 255 255 255
0.148219 0.382069 2.33606 255 255 255
0.168245 0.930502 2.64775 255 255 255
0.147007 -0.216039 2.31245 255 255 255
0.144875 -0.0561625 2.27862 255 255 255
0.150953 0.467311 2.37219 255 255 255
0.147715 -0.230418 2.31801 255 255 255
0.146975 -0.196851 2.30515 255 255 255
0.14546 -0.0739188 2.28103 255 255 255
0.14546 -0.0739188 2.28103 255 255 255
0.146932 -0.189197 2.30263 255 255 255
0.148271 0.33808 2.32208 255 255 255
0.148943 -0.255784 2.33115 255 255 255
0.15049 0.425313 2.35462 255 255 255
0.146114 -0.10274 2.28419 255 255 255
0.149938 0.396374 2.34276 255 255 255
0.147488 -0.191871 2.30376 255 255 255
0.147488 -0.191871 2.30376 255 255 255
0.146211 -0.087069 2.2822 255 255 255
0.146211 -0.087069 2.2822 255 255 255
0.150167 0.401424 2.34381 255 255 255
0.150167 0.401424 2.34381 255 255 255
0.146155 0.114882 2.2798 255 255 255
0.151145 -0.297096 2.35748 255 255 255
0.147262 0.235966 2.29669 255 255 255
0.148173 0.298151 2.31016 255 255 255
0.148173 0.298151 2.31016 255 255 255
0.16791 0.945552 2.61711 255 255 255
0.14928 0.350687 2.32667 255 255 255
0.149883 -0.263893 2.33572 255 255 255
0.149883 -0.263893 2.33572 255 255 255
0.146116 0.0701081 2.27689 255 255 255
0.146056 0.00526466 2.27574 255 255 255
0.146464 0.108505 2.27949 255 255 255
0.14789 -0.182534 2.30103 255 255 255
0.14789 -0.182534 2.30103 255 255 255
0.149727 -0.2491 2.32737 255 255 255
0.151241 0.414341 2.35079 255 255 255
0.15071 -0.271696 2.34037 255 255 255
0.152053 -0.299552 2.35932 255 255 255
0.152053 -0.299552 2.35932 255 255 255
0.149508 0.321338 2.31652 255 255 255
0.167641 0.986411 2.59528 255 255 255
0.148761 -0.187914 2.30282 255 255 255
0.167898 0.986213 2.59449 255 255 255
0.148048 -0.111403 2.28619 255 255 255
0.149568 -0.187664 2.30312 255 255 255
0.151931 -0.269096 2.33884 255 255 255
0.149866 -0.193529 2.30492 255 255 255
0.148341 -0.0149587 2.27723 255 255 255
0.156409 0.532143 2.40086 255 255 255
0.148581 0.116677 2.28052 255 255 255
0.152396 -0.26294 2.33555 255 255 255
0.148831 0.112443 2.28039 255 255 255
0.149519 -0.117772 2.28753 255 255 255
0.150785 -0.190492 2.30442 255 255 255
0.152399 0.354836 2.32863 255 255 255
0.151608 0.311493 2.31498 255 255 255
0.156677 0.499525 2.39161 255 255 255
0.152424 0.344294 2.32606 255 255 255
0.154665 -0.297392 2.35847 255 255 255
0.152483 0.341087 2.32404 255 255 255
0.149516 0.0212053 2.27647 255 255 255
0.152446 -0.226851 2.31728 255 255 255
0.158046 0.579523 2.39689 255 255 255
0.158046 0.579523 2.39689 255 255 255
0.150665 0.157847 2.28489 255 255 255
0.15374 -0.253316 2.3313 255 255 255
0.171285 0.996866 2.59685 255 255 255
0.150288 -0.00185312 2.27722 255 255 255
0.150388 0.0368738 2.27676 255 255 255
0.155978 0.431052 2.35894 255 255 255
0.156831 -0.313473 2.37137 255 255 255
0.156831 -0.313473 2.37137 255 255 255
0.15405 -0.247378 2.32848 255 255 255
0.152435 -0.179147 2.30187 255 255 255
0.153505 0.31491 2.31687 255 255 255
0.15573 0.412808 2.3499 255 255 255
0.151406 -0.0952068 2.28449 255 255 255
0.151406 -0.0952068 2.28449 255 255 255
0.154817 -0.256889 2.33334 255 255 255
0.151332 -0.0549603 2.28004 255 255 255
0.151853 -0.110928 2.28711 255 255 255
0.151853 -0.110928 2.28711 255 255 255
0.156622 0.421527 2.35651 255 255 255
0.156622 0.421527 2.35651 255 255 255
0.1519 0.021048 2.27705 255 255 255
0.1519 0.021048 2.27705 255 255 255
0.154368 0.297637 2.31173 255 255 255
0.154368 0.297637 2.31173 255 255 255
0.153316 0.223716 2.29548 255 255 255
0.157899 0.439312 2.36079 255 255 255
0.153069 -0.11644 2.28841 255 255 255
0.156934 -0.277604 2.34586 255 255 255
0.155409 -0.233315 2.32077 255 255 255
0.153385 0.0747899 2.27941 255 255 255
0.156077 -0.227209 2.31906 255 255 255
0.154271 -0.112835 2.28813 255 255 255
0.158163 -0.274336 2.34494 255 255 255
0.154442 -0.103844 2.28675 255 255 255
0.162292 0.579941 2.40018 255 255 255
0.154113 -0.0397195 2.27898 255 255 255
0.157517 -0.237682 2.32459 255 255 255
0.157667 0.343454 2.32655 255 255 255
0.160303 -0.303007 2.36476 255 255 255
0.154556 -0.0162418 2.27882 255 255 255
0.160231 -0.296949 2.35954 255 255 255
0.155506 -0.109768 2.28813 255 255 255
0.18642 -0.712496 2.74185 255 255 255
0.158087 -0.231416 2.3219 255 255 255
0.160038 -0.28133 2.34912 255 255 255
0.158783 -0.248455 2.33011 255 255 255
0.160792 0.426629 2.35773 255 255 255
0.155494 -0.0110032 2.27846 255 255 255
0.16066 0.413636 2.35234 255 255 255
0.15568 -0.025117 2.2789 255 255 255
0.161726 -0.301158 2.36461 255 255 255
0.160692 -0.278877 2.34798 255 255 255
0.162559 -0.310444 2.37213 255 255 255
0.156388 0.0345107 2.27849 255 255 255
0.156388 0.0345107 2.27849 255 255 255
0.15777 0.230641 2.29831 255 255 255
0.15777 0.230641 2.29831 255 255 255
0.157181 -0.106811 2.28815 255 255 255
0.159246 0.312687 2.31773 255 255 255
0.16017 -0.243787 2.32853 255 255 255
0.16541 0.577124 2.40112 255 255 255
0.161583 0.391313 2.34409 255 255 255
0.161583 0.391313 2.34409 255 255 255
0.162144 0.410667 2.35201 255 255 255
0.16035 -0.235136 2.32425 255 255 255
0.160331 0.32503 2.32139 255 255 255
0.163593 -0.303966 2.36728 255 255 255
0.158575 -0.13535 2.29366 255 255 255
0.158844 -0.151864 2.29732 255 255 255
0.162002 0.383173 2.34139 255 255 255
0.189774 -0.719095 2.74221 255 255 255
0.163291 0.423851 2.35803 255 255 255
0.165747 -0.330316 2.39026 255 255 255
0.161687 0.356742 2.33119 255 255 255
0.159798 -0.175098 2.30328 255 255 255
0.1639 -0.2972 2.36166 255 255 255
0.159519 -0.148599 2.29674 255 255 255
0.163883 0.426746 2.35927 255 255 255
0.159259 -0.127387 2.29254 255 255 255
0.158714 -0.0743761 2.28421 255 255 255
0.18105 1.00196 2.60178 255 255 255
0.18105 1.00196 2.60178 255 255 255
0.158638 0.0581016 2.27991 255 255 255
0.163111 -0.270587 2.34395 255 255 255
0.163105 -0.262514 2.33927 255 255 255
0.163901 -0.280247 2.35078 255 255 255
0.167634 0.582815 2.40365 255 255 255
0.162824 -0.251595 2.33291 255 255 255
0.159392 -0.0167753 2.27994 255 255 255
0.159392 -0.0167753 2.27994 255 255 255
0.191742 -0.728721 2.73932 255 255 255
0.165538 -0.298762 2.36283 255 255 255
0.160825 0.202528 2.29485 255 255 255
0.16553 -0.295021 2.36168 255 255 255
0.161078 0.218612 2.29737 255 255 255
0.167415 0.482733 2.38778 255 255 255
0.165002 -0.281608 2.35152 255 255 255
0.192132 -0.73568 2.73744 255 255 255
0.1653 0.413486 2.3543 255 255 255
0.160941 -0.108371 2.28944 255 255 255
0.163834 -0.243463 2.32912 255 255 255
0.165648 -0.278605 2.34958 255 255 255
0.161484 0.172215 2.29035 255 255 255
0.166357 0.420324 2.35746 255 255 255
0.166449 -0.289258 2.35711 255 255 255
0.161013 0.0266263 2.28014 255 255 255
0.162125 0.207055 2.29562 255 255 255
0.164055 0.325336 2.32275 255 255 255
0.164055 0.325336 2.32275 255 255 255
0.162519 0.231803 2.29985 255 255 255
0.161598 -0.0815274 2.28591 255 255 255
0.170114 0.527949 2.40563 255 255 255
0.185288 0.954145 2.61775 255 255 255
0.164626 -0.234459 2.32551 255 255 255
0.162002 -0.0983315 2.28834 255 255 255
0.163385 -0.17361 2.30383 255 255 255
0.164915 0.323216 2.32206 255 255 255
0.16742 0.411496 2.35455 255 255 255
0.16742 0.411496 2.35455 255 255 255
0.16253 0.0590142 2.28127 255 255 255
0.164349 -0.181843 2.30581 255 255 255
0.167367 -0.274883 2.34766 255 255 255
0.164002 -0.159308 2.29982 255 255 255
0.163566 -0.107384 2.29032 255 255 255
0.164209 0.21368 2.29748 255 255 255
0.189794 0.93671 2.65239 255 255 255
0.163997 0.177636 2.29197 255 255 255
0.168089 -0.269668 2.34519 255 255 255
0.166633 -0.23098 2.32441 255 255 255
0.164228 -0.0996751 2.28939 255 255 255
0.164228 -0.0996751 2.28939 255 255 255
0.165135 -0.162598 2.30024 255 255 255
0.1711 -0.320885 2.3826 255 255 255
0.170761 0.46175 2.3771 255 255 255
0.166129 -0.192685 2.30964 255 255 255
0.173359 0.580528 2.40901 255 255 255
0.175739 0.627319 2.43996 255 255 255
0.165646 0.2224 2.29949 255 255 255
0.197544 -0.738301 2.7414 255 255 255
0.171541 -0.317212 2.38056 255 255 255
0.165532 -0.140852 2.29703 255 255 255
0.165593 -0.144144 2.29764 255 255 255
0.190551 0.941 2.64259 255 255 255
0.165273 0.171761 2.29158 255 255 255
0.165273 0.171761 2.29158 255 255 255
0.169931 -0.281771 2.35275 255 255 255
0.165113 -0.0730201 2.28605 255 255 255
0.164839 0.0616865 2.28203 255 255 255
0.192247 0.93266 2.66094 255 255 255
0.168537 -0.244216 2.33104 255 255 255
0.168893 -0.248353 2.33243 255 255 255
0.175067 0.590519 2.41398 255 255 255
0.172008 -0.302506 2.36861 255 255 255
0.170439 -0.268304 2.34474 255 255 255
0.167114 0.213195 2.29835 255 255 255
0.167114 0.213195 2.29835 255 255 255
0.166552 -0.102 2.29039 255 255 255
0.166531 0.152484 2.29006 255 255 255
0.167429 -0.160473 2.30113 255 255 255
0.166385 -0.0759097 2.28675 255 255 255
0.174009 -0.32861 2.39097 255 255 255
0.166092 0.0562538 2.28218 255 255 255
0.167953 -0.170517 2.30439 255 255 255
0.16628 0.0288231 2.28142 255 255 255
0.170998 0.388959 2.34593 255 255 255
0.171834 0.413542 2.35681 255 255 255
0.178655 0.643829 2.44711 255 255 255
0.167006 -0.0777807 2.28682 255 255 255
0.169666 -0.227207 2.3229 255 255 255
0.176048 0.538529 2.4103 255 255 255
0.176048 0.538529 2.4103 255 255 255
0.192458 -0.798542 2.63288 255 255 255
0.167662 -0.118808 2.29363 255 255 255
0.168158 0.220066 2.30007 255 255 255
0.170314 -0.237903 2.32864 255 255 255
0.167443 -0.0852134 2.28796 255 255 255
0.167996 0.176651 2.29309 255 255 255
0.167996 0.176651 2.29309 255 255 255
0.167722 0.0608581 2.28327 255 255 255
0.170812 0.325362 2.32528 255 255 255
0.191809 1.00248 2.60945 255 255 255
0.175128 -0.314072 2.37987 255 255 255
0.171355 -0.235283 2.32772 255 255 255
0.168897 0.164091 2.29179 255 255 255
0.168363 0.0545563 2.28308 255 255 255
0.169293 0.171231 2.29257 255 255 255
0.169292 0.15635 2.28937 255 255 255
0.172427 -0.241373 2.33116 255 255 255
0.172427 -0.241373 2.33116 255 255 255
0.170016 -0.138635 2.29839 255 255 255
0.172769 -0.248814 2.33478 255 255 255
0.172769 -0.248814 2.33478 255 255 255
0.175574 0.448693 2.37253 255 255 255
0.170462 0.232816 2.30266 255 255 255
0.197384 0.932584 2.66565 255 255 255
0.171009 -0.18491 2.30911 255 255 255
0.169714 0.160097 2.29161 255 255 255
0.171218 -0.190324 2.31083 255 255 255
0.170566 0.224972 2.30181 255 255 255
0.17576 -0.30378 2.37083 255 255 255
0.169918 0.149642 2.29097 255 255 255
0.174707 0.402554 2.35359 255 255 255
0.17545 -0.295554 2.36359 255 255 255
0.171429 -0.182917 2.30874 255 255 255
0.178838 0.517924 2.40668 255 255 255
0.172872 -0.226319 2.32381 255 255 255
0.173989 -0.254981 2.33875 255 255 255
0.170624 0.175152 2.29335 255 255 255
0.170387 -0.0842805 2.28876 255 255 255
0.173547 -0.232714 2.32716 255 255 255
0.173547 -0.232714 2.32716 255 255 255
0.172054 -0.171488 2.3056 255 255 255
0.173621 -0.223212 2.32288 255 255 255
0.174448 -0.246333 2.33381 255 255 255
0.17754 0.445586 2.37226 255 255 255
0.17754 0.445586 2.37226 255 255 255
0.171961 -0.130991 2.29715 255 255 255
0.175987 0.390865 2.34945 255 255 255
0.197557 -0.796739 2.63617 255 255 255
0.176231 -0.273793 2.34919 255 255 255
0.174125 -0.217047 2.32034 255 255 255
0.171438 0.0339683 2.28315 255 255 255
0.176937 -0.279931 2.35464 255 255 255
0.178814 -0.310456 2.37743 255 255 255
0.172768 -0.127273 2.29659 255 255 255
0.172237 0.059252 2.28482 255 255 255
0.178477 -0.296911 2.3675 255 255 255
0.178033 0.417891 2.36076 255 255 255
0.172289 0.0518071 2.28411 255 255 255
0.173993 -0.167192 2.30532 255 255 255
0.175464 0.295773 2.31897 255 255 255
0.175464 0.295773 2.31897 255 255 255
0.181525 0.493293 2.39648 255 255 255
0.176677 -0.240629 2.33233 255 255 255
0.179119 0.414374 2.36003 255 255 255
0.18004 0.442388 2.3721 255 255 255
0.18004 0.442388 2.3721 255 255 255
0.175946 -0.209972 2.31703 255 255 255
0.20254 0.93484 2.66576 255 255 255
0.175343 -0.174188 2.30735 255 255 255
0.176709 -0.223053 2.3237 255 255 255
0.175821 -0.188547 2.31157 255 255 255
0.177308 -0.235755 2.32995 255 255 255
0.175066 -0.13015 2.29782 255 255 255
0.175066 -0.13015 2.29782 255 255 255
0.174043 0.0365598 2.2841 255 255 255
0.175348 0.210292 2.3004 255 255 255
0.175575 0.221175 2.30259 255 255 255
0.182602 0.480247 2.39207 255 255 255
0.176468 -0.179631 2.30919 255 255 255
0.174584 0.0301277 2.2845 255 255 255
0.180662 -0.291801 2.36324 255 255 255
0.175335 0.157386 2.29318 255 255 255
0.175471 0.166961 2.29481 255 255 255
0.176443 -0.169156 2.30668 255 255 255
0.175872 0.206641 2.29897 255 255 255
0.178265 0.331515 2.32967 255 255 255
0.182153 -0.312302 2.37998 255 255 255
0.177693 -0.216689 2.32135 255 255 255
0.17787 -0.220945 2.32315 255 255 255
0.185458 0.550594 2.41952 255 255 255
0.175266 -0.0187626 2.28573 255 255 255
0.184592 -0.340018 2.40655 255 255 255
0.178745 -0.230948 2.32805 255 255 255
0.182277 0.439797 2.3715 255 255 255
0.176501 0.154411 2.29337 255 255 255
0.177446 -0.164852 2.30554 255 255 255
0.181699 0.4132 2.36064 255 255 255
0.177734 -0.170227 2.3072 255 255 255
0.177667 0.225838 2.30433 255 255 255
0.17979 -0.234863 2.33066 255 255 255
0.182941 0.435227 2.37 255 255 255
0.181819 -0.277492 2.35453 255 255 255
0.188975 0.626889 2.44608 255 255 255
0.179444 -0.214604 2.32152 255 255 255
0.179444 -0.214604 2.32152 255 255 255
0.178181 -0.162697 2.30514 255 255 255
0.178181 -0.162697 2.30514 255 255 255
0.176704 0.0529596 2.28545 255 255 255
0.176704 0.0529596 2.28545 255 255 255
0.179867 -0.223686 2.32518 255 255 255
0.178174 0.217749 2.30298 255 255 255
0.176891 0.0405749 2.28523 255 255 255
0.181998 0.375993 2.35094 255 255 255
0.213737 0.910935 2.76068 255 255 255
0.178135 -0.134386 2.29947 255 255 255
0.180028 -0.220326 2.32366 255 255 255
0.17871 0.232041 2.30537 255 255 255
0.179196 -0.183924 2.31092 255 255 255
0.179429 -0.192529 2.31351 255 255 255
0.180795 -0.230452 2.32858 255 255 255
0.179133 0.215743 2.30436 255 255 255
0.185171 -0.311874 2.38088 255 255 255
0.179274 -0.141674 2.30433 255 255 255
0.178497 -0.100068 2.29389 255 255 255
0.178575 0.1518 2.29408 255 255 255
0.18063 -0.211133 2.32035 255 255 255
0.188658 0.555696 2.42083 255 255 255
0.179516 0.204419 2.30106 255 255 255
0.180014 0.208199 2.30239 255 255 255
0.184902 0.419742 2.36459 255 255 255
0.185545 0.437297 2.37207 255 255 255
0.185545 0.437297 2.37207 255 255 255
0.179975 0.199936 2.30087 255 255 255
0.182436 -0.234504 2.3312 255 255 255
0.17911 0.0740733 2.28762 255 255 255
0.181748 -0.202695 2.31762 255 255 255
0.181712 -0.199339 2.31675 255 255 255
0.181184 -0.172249 2.30889 255 255 255
0.179903 -0.0205216 2.28689 255 255 255
0.179903 -0.0205216 2.28689 255 255 255
0.188614 -0.328671 2.39732 255 255 255
0.18779 -0.317215 2.38683 255 255 255
0.181198 0.211684 2.30258 255 255 255
0.180739 0.163694 2.29583 255 255 255
0.180523 -0.0850827 2.29229 255 255 255
0.183542 -0.232024 2.33028 255 255 255
0.181055 -0.121994 2.29849 255 255 255
0.18468 -0.252346 2.34116 255 255 255
0.183108 -0.209897 2.321 255 255 255
0.183481 -0.221784 2.32537 255 255 255
0.187725 0.444281 2.37655 255 255 255
0.185159 -0.256539 2.34314 255 255 255
0.189331 0.483871 2.39575 255 255 255
0.180714 0.04715 2.2867 255 255 255
0.180714 0.04715 2.2867 255 255 255
0.182677 0.217681 2.30547 255 255 255
0.181879 -0.0799298 2.29262 255 255 255
0.182316 0.153488 2.29519 255 255 255
0.184756 -0.211936 2.32245 255 255 255
0.184756 -0.211936 2.32245 255 255 255
0.18613 0.349419 2.33869 255 255 255
0.187744 -0.280615 2.35881 255 255 255
0.18947 0.451434 2.37961 255 255 255
0.184735 -0.206628 2.32012 255 255 255
0.191515 -0.334219 2.40349 255 255 255
0.183035 0.16288 2.29665 255 255 255
0.187463 0.395612 2.35188 255 255 255
0.183363 0.179827 2.29889 255 255 255
0.187243 -0.264287 2.34591 255 255 255
0.189543 0.437556 2.37375 255 255 255
0.18318 -0.0900653 2.29373 255 255 255
0.185266 -0.201702 2.31828 255 255 255
0.183488 -0.100814 2.29543 255 255 255
0.183707 0.173607 2.29812 255 255 255
0.184791 -0.173037 2.31016 255 255 255
0.186191 -0.222204 2.32641 255 255 255
0.184238 -0.133973 2.30102 255 255 255
0.191267 -0.315491 2.38757 255 255 255
0.185743 -0.195983 2.31674 255 255 255
0.187921 0.361007 2.34351 255 255 255
0.187646 0.347887 2.3393 255 255 255
0.1864 -0.215052 2.32366 255 255 255
0.183632 0.073827 2.28857 255 255 255
0.183609 0.0372779 2.28748 255 255 255
0.183919 0.0415455 2.28775 255 255 255
0.187064 0.310608 2.32661 255 255 255
0.186316 -0.191339 2.31506 255 255 255
0.184728 -0.0872543 2.29359 255 255 255
0.21275 0.951866 2.64092 255 255 255
0.184274 0.0348097 2.2874 255 255 255
0.186143 -0.16924 2.30938 255 255 255
0.186466 -0.180225 2.31233 255 255 255
0.185201 -0.103641 2.29635 255 255 255
0.188791 0.349959 2.34007 255 255 255
0.185436 0.161854 2.29737 255 255 255
0.184749 0.0395706 2.28816 255 255 255
0.184903 -0.0254017 2.28873 255 255 255
0.187802 -0.211705 2.32305 255 255 255
0.187633 -0.205126 2.32071 255 255 255
0.192986 -0.310634 2.38454 255 255 255
0.185979 0.152886 2.29675 255 255 255
0.189864 -0.255247 2.34439 255 255 255
0.2149 0.94502 2.65145 255 255 255
0.187905 -0.19875 2.3184 255 255 255
0.187905 -0.19875 2.3184 255 255 255
0.188545 -0.21937 2.32616 255 255 255
0.192 0.416402 2.366 255 255 255
0.187511 -0.166477 2.30943 255 255 255
0.18589 0.0379689 2.28855 255 255 255
0.195006 0.475489 2.39958 255 255 255
0.186914 -0.122485 2.29994 255 255 255
0.186842 0.16473 2.29895 255 255 255
0.186842 0.16473 2.29895 255 255 255
0.187339 0.197693 2.30299 255 255 255
0.187339 0.197693 2.30299 255 255 255
0.188019 0.222638 2.30723 255 255 255
0.191746 -0.269092 2.35263 255 255 255
0.187735 -0.129665 2.30195 255 255 255
0.19616 -0.333895 2.40503 255 255 255
0.187022 0.0408697 2.28836 255 255 255
0.193128 -0.280844 2.36106 255 255 255
0.18728 0.02375 2.28859 255 255 255
0.190372 -0.217008 2.32579 255 255 255
0.188636 -0.140452 2.30412 255 255 255
0.188179 0.162864 2.29851 255 255 255
0.187868 -0.0797532 2.29396 255 255 255
0.18915 0.228301 2.30951 255 255 255
0.189551 -0.183155 2.31412 255 255 255
0.189932 -0.196248 2.31838 255 255 255
0.189368 0.203477 2.30497 255 255 255
0.194552 0.417847 2.36775 255 255 255
0.197783 -0.335429 2.40693 255 255 255
0.18836 0.0268837 2.28885 255 255 255
0.189303 -0.115364 2.29973 255 255 255
0.194271 -0.275025 2.35801 255 255 255
0.194271 -0.275025 2.35801 255 255 255
0.188931 0.0542183 2.29006 255 255 255
0.189054 0.0406383 2.28978 255 255 255
0.19087 -0.171442 2.3115 255 255 255
0.19343 -0.249463 2.34197 255 255 255
0.192051 -0.201569 2.32084 255 255 255
0.191214 0.22298 2.30906 255 255 255
0.191423 0.230441 2.31082 255 255 255
0.191445 -0.168513 2.31081 255 255 255
0.190327 -0.0784502 2.29499 255 255 255
0.1941 -0.244537 2.34026 255 255 255
0.195811 -0.279636 2.36079 255 255 255
0.190053 0.04511 2.28993 255 255 255
0.191113 -0.127264 2.30189 255 255 255
0.191125 0.157843 2.29903 255 255 255
0.220728 0.946269 2.65448 255 255 255
0.192164 -0.14324 2.30577 255 255 255
0.192928 -0.182892 2.31471 255 255 255
0.191682 0.162951 2.29976 255 255 255
0.193574 -0.199073 2.3204 255 255 255
0.195761 -0.254236 2.34605 255 255 255
0.19223 -0.129027 2.30301 255 255 255
0.19172 -0.0231569 2.29182 255 255 255
0.198857 -0.298995 2.37629 255 255 255
0.198217 0.405902 2.36706 255 255 255
0.193031 -0.137147 2.30526 255 255 255
0.193031 -0.137147 2.30526 255 255 255
0.192042 -0.0283422 2.29034 255 255 255
0.192164 -0.0255266 2.29176 255 255 255
0.194617 -0.193883 2.31884 255 255 255
0.194617 -0.193883 2.31884 255 255 255
0.200959 -0.319138 2.3938 255 255 255
0.192398 -0.0281629 2.29151 255 255 255
0.193188 -0.114877 2.30089 255 255 255
0.194572 -0.188272 2.31713 255 255 255
0.194614 -0.184604 2.31672 255 255 255
0.193355 -0.119868 2.30051 255 255 255
0.193355 -0.119868 2.30051 255 255 255
0.199444 0.425697 2.37241 255 255 255
0.192869 0.0702361 2.29159 255 255 255
0.201896 -0.319698 2.39695 255 255 255
0.195003 -0.175473 2.31295 255 255 255
0.195925 -0.203705 2.32289 255 255 255
0.194767 0.192585 2.30549 255 255 255
0.227898 0.931606 2.6964 255 255 255
0.194959 -0.130681 2.30431 255 255 255
0.193923 0.0439811 2.29186 255 255 255
0.198068 -0.239727 2.33931 255 255 255
0.196903 -0.207699 2.32469 255 255 255
0.196431 -0.191821 2.319 255 255 255
0.201591 0.43774 2.37935 255 255 255
0.202019 0.44747 2.38403 255 255 255
0.198546 -0.246559 2.3425 255 255 255
0.196219 -0.1784 2.31493 255 255 255
0.228114 0.935271 2.68929 255 255 255
0.196041 0.223317 2.31122 255 255 255
0.195241 0.165729 2.30017 255 255 255
0.19748 -0.211067 2.3261 255 255 255
0.196098 -0.138491 2.30594 255 255 255
0.197648 -0.200766 2.32243 255 255 255
0.202505 -0.298185 2.37761 255 255 255
0.197501 -0.188746 2.3182 255 255 255
0.19669 -0.133553 2.30532 255 255 255
0.197415 0.232482 2.31268 255 255 255
0.195778 0.0555669 2.29227 255 255 255
0.195921 0.0578455 2.29275 255 255 255
0.205132 0.479334 2.39907 255 255 255
0.198771 -0.204929 2.32422 255 255 255
0.207546 0.529141 2.42492 255 255 255
0.226893 0.954681 2.65065 255 255 255
0.20056 -0.242759 2.34204 255 255 255
0.199524 -0.222516 2.32957 255 255 255
0.209828 0.56619 2.44431 255 255 255
0.209931 0.570358 2.44536 255 255 255
0.2034 0.41172 2.3689 255 255 255
0.2034 0.41172 2.3689 255 255 255
0.23092 0.93697 2.6882 255 255 255
0.198724 0.228428 2.31349 255 255 255
0.197823 0.166038 2.30258 255 255 255
0.198177 -0.130506 2.30531 255 255 255
0.232588 0.93035 2.70399 255 255 255
0.229498 -0.799523 2.66644 255 255 255
0.201609 -0.2392 2.34041 255 255 255
0.201609 -0.2392 2.34041 255 255 255
0.197473 0.0412816 2.29236 255 255 255
0.198532 -0.0756828 2.29754 255 255 255
0.205017 -0.287242 2.37034 255 255 255
0.205017 -0.287242 2.37034 255 255 255
0.198439 0.0344122 2.2929 255 255 255
0.208304 0.493016 2.40634 255 255 255
0.228447 0.995355 2.6379 255 255 255
0.204975 -0.266959 2.35672 255 255 255
0.200984 -0.144426 2.30853 255 255 255
0.200085 -0.0748088 2.29813 255 255 255
0.200085 -0.0748088 2.29813 255 255 255
0.205954 -0.277832 2.36478 255 255 255
0.201544 0.222893 2.31311 255 255 255
0.201544 0.222893 2.31311 255 255 255
0.200017 0.0452164 2.29379 255 255 255
0.20007 0.0452176 2.29365 255 255 255
0.201919 -0.159876 2.31168 255 255 255
0.236057 0.933017 2.70164 255 255 255
0.202118 -0.165282 2.3131 255 255 255
0.23604 0.936654 2.69522 255 255 255
0.20258 0.209771 2.31182 255 255 255
0.204861 -0.228176 2.33638 255 255 255
0.210552 0.473488 2.40078 255 255 255
0.202438 -0.128853 2.30604 255 255 255
0.208519 0.421561 2.37503 255 255 255
0.205952 -0.2457 2.34518 255 255 255
0.209765 -0.308207 2.38853 255 255 255
0.20226 -0.111258 2.30293 255 255 255
0.201999 -0.0670267 2.29862 255 255 255
0.203557 -0.173243 2.31575 255 255 255
0.201711 0.0146792 2.29381 255 255 255
0.205813 -0.235111 2.3403 255 255 255
0.205249 -0.222112 2.33383 255 255 255
0.205286 -0.218841 2.33217 255 255 255
0.205286 -0.218841 2.33217 255 255 255
0.20383 -0.170594 2.31532 255 255 255
0.207827 0.372895 2.35897 255 255 255
0.206604 -0.240894 2.34332 255 255 255
0.203391 0.177842 2.30635 255 255 255
0.20245 0.0691885 2.29551 255 255 255
0.203956 -0.154485 2.31156 255 255 255
0.205117 -0.197492 2.32395 255 255 255
0.202694 0.0198496 2.29402 255 255 255
0.203018 0.0415373 2.29472 255 255 255
0.203056 0.0168649 2.29374 255 255 255
0.205558 -0.18929 2.32147 255 255 255
0.204153 0.161114 2.30427 255 255 255
0.23697 -0.799355 2.67344 255 255 255
0.207337 -0.231841 2.33923 255 255 255
0.210072 0.408951 2.36994 255 255 255
0.236815 0.944926 2.67016 255 255 255
0.206354 -0.191974 2.32258 255 255 255
0.205025 -0.125134 2.30706 255 255 255
0.214411 0.499286 2.41246 255 255 255
0.204088 -0.0231137 2.29606 255 255 255
0.204226 0.0713807 2.29615 255 255 255
0.209662 -0.262979 2.35493 255 255 255
0.209662 -0.262979 2.35493 255 255 255
0.205028 -0.0978865 2.30209 255 255 255
0.208167 -0.22815 2.33669 255 255 255
0.211998 0.427696 2.37949 255 255 255
0.204562 0.0611444 2.2957 255 255 255
0.206801 -0.186492 2.32079 255 255 255
0.206574 0.23739 2.31733 255 255 255
0.205191 -0.0893782 2.30132 255 255 255
0.206672 0.229269 2.31626 255 255 255
0.241096 0.93656 2.69985 255 255 255
0.209092 -0.233211 2.34036 255 255 255
0.212451 0.422157 2.37787 255 255 255
0.205932 -0.113983 2.30457 255 255 255
0.205973 0.153899 2.30418 255 255 255
0.213885 -0.31044 2.39251 255 255 255
0.213885 -0.31044 2.39251 255 255 255
0.211762 -0.274168 2.36425 255 255 255
0.212205 -0.278531 2.36804 255 255 255
0.212205 -0.278531 2.36804 255 255 255
0.211099 -0.256898 2.35387 255 255 255
0.205868 0.0404373 2.29527 255 255 255
0.239962 -0.786875 2.6747 255 255 255
0.239962 -0.786875 2.6747 255 255 255
0.208295 -0.178534 2.32008 255 255 255
0.206321 0.0425877 2.29795 255 255 255
0.206812 -0.0959714 2.30285 255 255 255
0.208842 -0.190178 2.32281 255 255 255
0.208842 -0.190178 2.32281 255 255 255
0.213675 0.415097 2.37559 255 255 255
0.212505 -0.270277 2.36188 255 255 255
0.238291 1.00867 2.64664 255 255 255
0.211449 -0.245072 2.34826 255 255 255
0.241967 0.946533 2.68553 255 255 255
0.208146 -0.132965 2.30943 255 255 255
0.208146 -0.132965 2.30943 255 255 255
0.243358 0.938405 2.69879 255 255 255
0.244166 0.935121 2.70769 255 255 255
0.209259 -0.174215 2.31781 255 255 255
0.208439 -0.124246 2.30724 255 255 255
0.210385 -0.19364 2.32484 255 255 255
0.241192 0.956364 2.66283 255 255 255
0.241192 0.956364 2.66283 255 255 255
0.212135 -0.233498 2.34176 255 255 255
0.211984 -0.22931 2.33959 255 255 255
0.212866 -0.24033 2.34598 255 255 255
0.212866 -0.24033 2.34598 255 255 255
0.213806 0.361981 2.35589 255 255 255
0.209557 -0.126024 2.30757 255 255 255
0.209455 0.161894 2.30614 255 255 255
0.216133 -0.290832 2.3777 255 255 255
0.210278 -0.15225 2.31329 255 255 255
0.209432 -0.0969117 2.30338 255 255 255
0.21645 0.42156 2.37919 255 255 255
0.217516 -0.306004 2.39033 255 255 255
0.209809 0.152113 2.30561 255 255 255
0.209781 -0.110019 2.30516 255 255 255
0.213374 -0.236164 2.34344 255 255 255
0.211115 0.223816 2.31719 255 255 255
0.212228 -0.191788 2.32472 255 255 255
0.211284 -0.155527 2.31409 255 255 255
0.209932 -0.0225076 2.2977 255 255 255
0.214992 -0.247094 2.34995 255 255 255
0.216625 -0.273921 2.3661 255 255 255
0.21094 -0.0788526 2.30245 255 255 255
0.211089 -0.0898667 2.30336 255 255 255
0.211089 -0.0898667 2.30336 255 255 255
0.214202 -0.224545 2.33616 255 255 255
0.245429 0.949123 2.67569 255 255 255
0.211342 -0.0873477 2.30367 255 255 255
0.211653 -0.113072 2.30643 255 255 255
0.220632 0.472499 2.40265 255 255 255
0.211623 -0.0929127 2.3037 255 255 255
0.223471 0.526158 2.43175 255 255 255
0.246552 -0.786239 2.68068 255 255 255
0.214083 -0.188992 2.32458 255 255 255
0.217392 0.366783 2.35977 255 255 255
0.213114 -0.147081 2.31312 255 255 255
0.246372 0.952513 2.67185 255 255 255
0.212877 0.160798 2.30797 255 255 255
0.212079 0.0687488 2.29931 255 255 255
0.219198 -0.283716 2.37417 255 255 255
0.212831 -0.0958898 2.30345 255 255 255
0.214669 -0.16964 2.3191 255 255 255
0.213942 -0.12325 2.30878 255 255 255
0.252018 0.935428 2.71723 255 255 255
0.214217 0.152406 2.30755 255 255 255
0.246494 1.00895 2.6542 255 255 255
0.22159 0.430181 2.38545 255 255 255
0.213596 0.0591521 2.29868 255 255 255
0.24922 0.946817 2.6811 255 255 255
0.21875 -0.244683 2.35094 255 255 255
0.214141 0.0723135 2.29995 255 255 255
0.221185 0.402323 2.37386 255 255 255
0.253906 0.933723 2.72302 255 255 255
0.214611 -0.0317197 2.30118 255 255 255
0.218857 -0.235729 2.34589 255 255 255
0.220694 -0.263014 2.36154 255 255 255
0.248072 0.992737 2.65423 255 255 255
0.214905 0.0559348 2.29911 255 255 255
0.219663 -0.239472 2.3484 255 255 255
0.216013 -0.112993 2.30731 255 255 255
0.22121 0.373872 2.36206 255 255 255
0.218929 0.296073 2.33673 255 255 255
0.215445 0.0151925 2.29907 255 255 255
0.216174 -0.0908239 2.30524 255 255 255
0.216174 -0.0908239 2.30524 255 255 255
0.222009 -0.269046 2.36523 255 255 255
0.216888 0.160253 2.31045 255 255 255
0.217928 -0.169477 2.3204 255 255 255
0.251347 0.955494 2.67373 255 255 255
0.251347 0.955494 2.67373 255 255 255
0.220513 -0.231715 2.34464 255 255 255
0.217011 -0.0844937 2.30491 255 255 255
0.218511 0.217419 2.31937 255 255 255
0.223457 0.383713 2.36737 255 255 255
0.225308 -0.296392 2.38609 255 255 255
0.227289 0.469975 2.40532 255 255 255
0.217988 -0.078224 2.30484 255 255 255
0.225943 0.429512 2.38715 255 255 255
0.223382 -0.256819 2.3593 255 255 255
0.224069 -0.2687 2.36633 255 255 255
0.219192 -0.137273 2.31336 255 255 255
0.220062 0.227331 2.32178 255 255 255
0.218653 -0.0889691 2.30581 255 255 255
0.219117 0.153667 2.31007 255 255 255
0.219117 0.153667 2.31007 255 255 255
0.21777 0.0716663 2.28995 255 255 255
0.222375 0.293156 2.33783 255 255 255
0.226067 0.400149 2.37515 255 255 255
0.227407 0.431792 2.38905 255 255 255
0.220002 0.160164 2.31095 255 255 255
0.220002 0.160164 2.31095 255 255 255
0.221156 -0.169221 2.32138 255 255 255
0.220206 -0.125113 2.31137 255 255 255
0.224583 -0.249935 2.35567 255 255 255
0.22175 -0.177726 2.32466 255 255 255
0.255687 0.95561 2.67791 255 255 255
0.228833 -0.306683 2.39611 255 255 255
0.224839 -0.244758 2.35295 255 255 255
0.228057 -0.288909 2.38219 255 255 255
0.256254 0.958074 2.67637 255 255 255
0.220799 -0.0774875 2.30574 255 255 255
0.224398 -0.223193 2.34197 255 255 255
0.226697 -0.265215 2.36551 255 255 255
0.226272 -0.254577 2.3596 255 255 255
0.222742 0.224846 2.32259 255 255 255
0.224915 -0.229208 2.34493 255 255 255
0.229809 0.436272 2.39209 255 255 255
0.229809 0.436272 2.39209 255 255 255
0.228321 0.399803 2.37562 255 255 255
0.258238 0.9515 2.68646 255 255 255
0.221474 -0.0315873 2.3032 255 255 255
0.223402 -0.17127 2.32302 255 255 255
0.223105 -0.149427 2.31761 255 255 255
0.225952 -0.23204 2.34711 255 255 255
0.234825 0.525961 2.43571 255 255 255
0.222092 0.00375013 2.30231 255 255 255
0.222816 -0.0837615 2.30704 255 255 255
0.229691 -0.281465 2.3777 255 255 255
0.226493 -0.226795 2.34387 255 255 255
0.229312 -0.27524 2.37252 255 255 255
0.224664 0.227513 2.32321 255 255 255
0.260529 0.947971 2.69333 255 255 255
0.224182 -0.146159 2.31721 255 255 255
0.223061 0.0570597 2.30321 255 255 255
0.225168 -0.163168 2.32166 255 255 255
0.230699 0.405461 2.37832 255 255 255
0.224819 -0.142916 2.31663 255 255 255
0.225047 -0.150379 2.31828 255 255 255
0.229284 -0.256293 2.36148 255 255 255
0.224552 0.154255 2.31262 255 255 255
0.224552 0.154255 2.31262 255 255 255
0.229735 -0.259325 2.36309 255 255 255
0.23126 0.399867 2.37743 255 255 255
0.230241 -0.261821 2.36469 255 255 255
0.225804 -0.151581 2.31891 255 255 255
0.224778 -0.0826777 2.30749 255 255 255
0.23084 -0.268977 2.36943 255 255 255
0.225089 -0.0883824 2.30837 255 255 255
0.230423 0.361945 2.36292 255 255 255
0.22517 0.0242434 2.30268 255 255 255
0.233438 -0.292711 2.38688 255 255 255
0.225385 0.0370873 2.30336 255 255 255
0.230072 -0.235541 2.35102 255 255 255
0.230072 -0.235541 2.35102 255 255 255
0.23166 0.368842 2.36664 255 255 255
0.226979 -0.147923 2.31874 255 255 255
0.225663 -0.0324402 2.30495 255 255 255
0.226599 -0.126926 2.31437 255 255 255
0.225806 0.0696269 2.30525 255 255 255
0.26162 1.00026 2.66875 255 255 255
0.263069 0.96303 2.68237 255 255 255
0.234989 0.433156 2.39321 255 255 255
0.264336 0.955708 2.69165 255 255 255
0.231929 -0.254878 2.36197 255 255 255
0.230032 0.297877 2.34197 255 255 255
0.226812 -0.0813148 2.30827 255 255 255
0.232869 -0.265966 2.36872 255 255 255
0.232869 -0.265966 2.36872 255 255 255
0.226704 0.0535443 2.30448 255 255 255
0.233376 -0.269066 2.37068 255 255 255
0.234678 0.412945 2.38344 255 255 255
0.23514 0.420823 2.38787 255 255 255
0.234971 -0.288333 2.38375 255 255 255
0.229709 -0.181874 2.32834 255 255 255
0.228385 0.155874 2.31412 255 255 255
0.228385 0.155874 2.31412 255 255 255
0.227834 -0.0347097 2.30584 255 255 255
0.229826 -0.170348 2.32523 255 255 255
0.228521 -0.0905428 2.3096 255 255 255
0.228521 -0.0905428 2.3096 255 255 255
0.230296 -0.172518 2.32589 255 255 255
0.232999 0.346344 2.35185 255 255 255
0.230404 -0.165189 2.32421 255 255 255
0.238057 -0.305116 2.40127 255 255 255
0.236449 0.410394 2.38461 255 255 255
0.233914 -0.247242 2.3586 255 255 255
0.231724 -0.202364 2.33616 255 255 255
0.231724 -0.202364 2.33616 255 255 255
0.229742 -0.130118 2.31618 255 255 255
0.228677 0.0478869 2.30512 255 255 255
0.242312 0.516062 2.43596 255 255 255
0.229889 -0.0854479 2.30985 255 255 255
0.229733 0.067018 2.3064 255 255 255
0.239758 0.444038 2.39952 255 255 255
0.238752 -0.292371 2.38879 255 255 255
0.234968 -0.232947 2.35065 255 255 255
0.232045 0.155188 2.31567 255 255 255
0.232089 -0.123737 2.31586 255 255 255
0.232747 -0.153979 2.32214 255 255 255
0.231219 0.071013 2.30661 255 255 255
0.236494 -0.241384 2.35679 255 255 255
0.272359 0.945213 2.71349 255 255 255
0.232002 0.0546614 2.30688 255 255 255
0.232224 0.0435333 2.30655 255 255 255
0.232224 0.0435333 2.30655 255 255 255
0.233819 -0.149128 2.32164 255 255 255
0.234065 0.20481 2.32386 255 255 255
0.234065 0.20481 2.32386 255 255 255
0.237067 -0.236117 2.35358 255 255 255
0.234368 0.21659 2.32674 255 255 255
0.234368 0.21659 2.32674 255 255 255
0.240173 0.402779 2.38321 255 255 255
0.260379 0.707468 2.58314 255 255 255
0.232443 0.000318261 2.30609 255 255 255
0.232443 0.000318261 2.30609 255 255 255
0.244251 0.487139 2.4219 255 255 255
0.238639 0.350366 2.36462 255 255 255
0.240575 -0.282186 2.38314 255 255 255
0.237291 -0.228169 2.35007 255 255 255
0.233408 0.0644851 2.30821 255 255 255
0.241262 0.406538 2.38516 255 255 255
0.261494 0.70502 2.58472 255 255 255
0.242289 -0.29507 2.39365 255 255 255
0.240975 0.387682 2.37994 255 255 255
0.242852 0.435792 2.39788 255 255 255
0.242852 0.435792 2.39788 255 255 255
0.235591 -0.146786 2.32197 255 255 255
0.235591 -0.146786 2.32197 255 255 255
0.235591 -0.146786 2.32197 255 255 255
0.235019 0.146826 2.31613 255 255 255
0.234376 0.0377602 2.30729 255 255 255
0.240064 0.326189 2.36169 255 255 255
0.240411 -0.25215 2.36484 255 255 255
0.234759 0.0735528 2.30906 255 255 255
0.27487 0.957246 2.70058 255 255 255
0.27487 0.957246 2.70058 255 255 255
0.239567 0.309682 2.35083 255 255 255
0.239301 0.29924 2.34758 255 255 255
0.237032 -0.142345 2.3216 255 255 255
0.237032 -0.142345 2.3216 255 255 255
0.279408 0.94218 2.7361 255 255 255
0.235734 -0.00211376 2.30736 255 255 255
0.238527 -0.188389 2.33443 255 255 255
0.238527 -0.188389 2.33443 255 255 255
0.275012 0.973006 2.68924 255 255 255
0.236218 0.0429862 2.30936 255 255 255
0.247108 0.466629 2.41406 255 255 255
0.245105 -0.292176 2.39268 255 255 255
0.275109 0.984271 2.6842 255 255 255
0.237925 0.153148 2.31799 255 255 255
0.238745 -0.151279 2.32414 255 255 255
0.242659 -0.245269 2.36138 255 255 255
0.239585 0.230904 2.33133 255 255 255
0.239585 0.230904 2.33133 255 255 255
0.237353 0.0387795 2.30852 255 255 255
0.237484 0.0663023 2.3096 255 255 255
0.237484 0.0663023 2.3096 255 255 255
0.241684 0.305342 2.35023 255 255 255
0.238986 -0.148238 2.32309 255 255 255
0.238986 -0.148238 2.32309 255 255 255
0.246019 0.412413 2.38999 255 255 255
0.246019 0.412413 2.38999 255 255 255
0.239659 0.209088 2.32722 255 255 255
0.240925 -0.197134 2.3385 255 255 255
0.237915 0.0355674 2.30883 255 255 255
0.245837 0.400255 2.38469 255 255 255
0.245234 -0.268756 2.37683 255 255 255
0.241405 -0.191788 2.33681 255 255 255
0.249743 0.466329 2.41677 255 255 255
0.242119 -0.204559 2.34152 255 255 255
0.243895 -0.236124 2.35819 255 255 255
0.28138 0.951867 2.7195 255 255 255
0.241289 -0.171645 2.33052 255 255 255
0.239284 0.0617044 2.31 255 255 255
0.243789 -0.227046 2.35222 255 255 255
0.278632 0.988761 2.688 255 255 255
0.261328 0.632349 2.52078 255 255 255
0.242094 0.226796 2.33238 255 255 255
0.240118 0.0740122 2.31141 255 255 255
0.242276 0.214393 2.3299 255 255 255
0.245541 -0.240281 2.36086 255 255 255
0.251778 0.449843 2.41094 255 255 255
0.248083 0.371407 2.37501 255 255 255
0.241547 -0.0384095 2.31163 255 255 255
0.25087 -0.296859 2.39998 255 255 255
0.24994 0.409154 2.39082 255 255 255
0.282833 0.967314 2.70306 255 255 255
0.241765 0.0485998 2.3108 255 255 255
0.242187 0.0690646 2.3116 255 255 255
0.247226 -0.236473 2.35921 255 255 255
0.253609 0.471824 2.41991 255 255 255
0.24525 0.228137 2.33386 255 255 255
0.253256 -0.30743 2.40992 255 255 255
0.247461 0.304674 2.35155 255 255 255
0.245566 -0.166577 2.33116 255 255 255
0.243716 0.0582519 2.31138 255 255 255
0.287825 0.950372 2.72507 255 255 255
0.252176 0.373833 2.37843 255 255 255
0.250678 0.332162 2.36276 255 255 255
0.25251 0.370678 2.37714 255 255 255
0.248359 0.229787 2.33435 255 255 255
0.261812 0.542829 2.46058 255 255 255
0.254731 0.40875 2.39325 255 255 255
0.258134 0.476832 2.42483 255 255 255
0.255078 -0.285075 2.3918 255 255 255
0.248237 0.184232 2.32742 255 255 255
0.253188 0.352648 2.37142 255 255 255
0.255762 0.405473 2.39405 255 255 255
0.255762 0.405473 2.39405 255 255 255
0.24847 0.172351 2.32574 255 255 255
0.253587 -0.24906 2.36946 255 255 255
0.253985 -0.255251 2.37294 255 255 255
0.248082 0.0745919 2.31422 255 255 255
0.248251 0.06649 2.31472 255 255 255
0.255762 0.382561 2.38397 255 255 255
0.249429 0.164021 2.32478 255 255 255
0.255946 0.382052 2.38345 255 255 255
0.255489 0.360794 2.37924 255 255 255
0.248369 0.0407317 2.31302 255 255 255
0.259248 0.447172 2.4118 255 255 255
0.252474 -0.201486 2.34565 255 255 255
0.249399 0.0689008 2.31511 255 255 255
0.249399 0.0689008 2.31511 255 255 255
0.249799 0.0599066 2.31769 255 255 255
0.253642 -0.218103 2.35322 255 255 255
0.254162 0.284421 2.3568 255 255 255
0.256733 -0.264978 2.38053 255 255 255
0.254871 -0.23322 2.36257 255 255 255
0.269751 0.597267 2.49955 255 255 255
0.26582 0.535885 2.46229 255 255 255
0.257419 -0.270898 2.38446 255 255 255
0.25024 -0.036679 2.31492 255 255 255
0.262576 0.470914 2.42536 255 255 255
0.255938 -0.226997 2.35996 255 255 255
0.258482 0.375115 2.38257 255 255 255
0.257016 0.322341 2.36513 255 255 255
0.255836 -0.213393 2.35161 255 255 255
0.252711 -0.0360174 2.31681 255 255 255
0.257846 0.31635 2.36172 255 255 255
0.261424 0.401475 2.39401 255 255 255
0.25748 -0.223972 2.35782 255 255 255
0.255596 0.233269 2.33912 255 255 255
0.255518 0.22302 2.33784 255 255 255
0.261923 -0.283598 2.39554 255 255 255
0.253643 0.0739154 2.31973 255 255 255
0.260608 0.36863 2.38071 255 255 255
0.253784 0.0716381 2.31742 255 255 255
0.269868 0.53847 2.46367 255 255 255
0.259569 0.330797 2.36966 255 255 255
0.260316 0.346483 2.3764 255 255 255
0.261803 0.393694 2.38977 255 255 255
0.255205 0.157978 2.32658 255 255 255
0.256177 0.205525 2.33495 255 255 255
0.258873 0.30055 2.35837 255 255 255
0.258873 0.30055 2.35837 255 255 255
0.258911 -0.21779 2.35628 255 255 255
0.254668 0.0647397 2.31758 255 255 255
0.262139 0.37905 2.38418 255 255 255
0.266402 0.461927 2.42279 255 255 255
0.254798 0.046175 2.31681 255 255 255
0.255347 0.07561 2.31828 255 255 255
0.263258 0.385827 2.38823 255 255 255
0.256811 0.161943 2.32799 255 255 255
0.263575 -0.273187 2.38795 255 255 255
0.264734 0.399617 2.3946 255 255 255
0.265121 -0.28202 2.39588 255 255 255
0.26211 0.310031 2.36239 255 255 255
0.262387 -0.223086 2.36019 255 255 255
0.263246 0.323933 2.36745 255 255 255
0.269068 0.450988 2.41876 255 255 255
0.275003 0.54638 2.46824 255 255 255
0.265777 0.364039 2.38181 255 255 255
0.264449 -0.236789 2.36828 255 255 255
0.259442 0.0734163 2.32013 255 255 255
0.267686 0.387923 2.38941 255 255 255
0.261147 0.153405 2.33007 255 255 255
0.260455 0.0767715 2.32078 255 255 255
0.265591 0.315504 2.36535 255 255 255
0.269775 0.407997 2.40248 255 255 255
0.263806 0.238355 2.34266 255 255 255
0.266488 -0.227327 2.36351 255 255 255
0.27039 -0.280096 2.39735 255 255 255
0.262192 0.0629435 2.32014 255 255 255
0.262191 -0.0150621 2.3195 255 255 255
0.265254 -0.186043 2.34632 255 255 255
0.267955 -0.237417 2.37001 255 255 255
0.2702 0.366819 2.38611 255 255 255
0.268642 0.331299 2.37231 255 255 255
0.270184 -0.253777 2.38053 255 255 255
0.265103 0.17338 2.33445 255 255 255
0.268445 0.296367 2.36238 255 255 255
0.266653 -0.182591 2.346 255 255 255
0.26969 -0.23143 2.36773 255 255 255
0.274263 0.403594 2.40311 255 255 255
0.267917 0.225588 2.34622 255 255 255
0.269868 0.291785 2.3617 255 255 255
0.265332 -0.0178977 2.32141 255 255 255
0.273988 -0.275614 2.39689 255 255 255
0.273699 0.382317 2.39347 255 255 255
0.265899 0.0779735 2.32382 255 255 255
0.271316 0.31768 2.36981 255 255 255
0.278369 0.465593 2.43032 255 255 255
0.274016 0.376424 2.39208 255 255 255
0.278704 0.460961 2.42973 255 255 255
0.267742 0.162524 2.33356 255 255 255
0.267742 0.162524 2.33356 255 255 255
0.266677 0.0676731 2.32341 255 255 255
0.274349 0.36875 2.38923 255 255 255
0.269715 0.23046 2.34651 255 255 255
0.273839 0.348487 2.38175 255 255 255
0.267224 0.0729384 2.32365 255 255 255
0.268528 0.154349 2.33343 255 255 255
0.267963 0.0705458 2.32446 255 255 255
0.288108 0.575936 2.49852 255 255 255
0.2781 0.416779 2.41106 255 255 255
0.274135 0.317032 2.37077 255 255 255
0.270106 0.167443 2.3356 255 255 255
0.270106 0.167443 2.3356 255 255 255
0.270192 0.161062 2.33492 255 255 255
0.27486 -0.238234 2.37472 255 255 255
0.278438 0.40351 2.40433 255 255 255
0.270686 0.147311 2.33393 255 255 255
0.277892 0.372843 2.39271 255 255 255
0.272788 -0.174799 2.34709 255 255 255
0.292896 0.599437 2.51932 255 255 255
0.273202 0.231986 2.34926 255 255 255
0.273276 0.235223 2.34933 255 255 255
0.281309 0.428721 2.41827 255 255 255
0.270228 -0.0171108 2.3228 255 255 255
0.276378 0.322151 2.37408 255 255 255
0.27187 0.15171 2.33412 255 255 255
0.280462 0.404342 2.40762 255 255 255
0.276936 -0.229902 2.37176 255 255 255
0.276626 -0.221152 2.36625 255 255 255
0.272777 0.142675 2.33307 255 255 255
0.272777 0.142675 2.33307 255 255 255
0.274655 0.224182 2.34838 255 255 255
0.277761 0.319327 2.37437 255 255 255
0.277761 0.319327 2.37437 255 255 255
0.272162 0.0709287 2.32566 255 255 255
0.272162 0.0709287 2.32566 255 255 255
0.27793 -0.233248 2.37476 255 255 255
0.276994 0.296158 2.36584 255 255 255
0.277215 0.296578 2.36769 255 255 255
0.280938 -0.272503 2.39804 255 255 255
0.279154 0.3374 2.38136 255 255 255
0.273823 0.153681 2.3355 255 255 255
0.280788 0.366315 2.39412 255 255 255
0.275104 -0.167245 2.34562 255 255 255
0.2743 0.163416 2.33762 255 255 255
0.275974 0.230694 2.35025 255 255 255
0.283961 0.421599 2.41663 255 255 255
0.273766 0.0377595 2.32965 255 255 255
0.284542 0.427966 2.4197 255 255 255
0.283626 0.404396 2.40933 255 255 255
0.283626 0.404396 2.40933 255 255 255
0.285176 0.431443 2.42216 255 255 255
0.286932 0.458833 2.43416 255 255 255
0.282796 0.378651 2.39855 255 255 255
0.28314 0.384699 2.40062 255 255 255
0.279372 -0.220157 2.3677 255 255 255
0.280894 0.332384 2.38032 255 255 255
0.281802 -0.252611 2.38718 255 255 255
0.281802 -0.252611 2.38718 255 255 255
0.280652 -0.236516 2.37714 255 255 255
0.274798 0.0768174 2.32701 255 255 255
0.282065 -0.244318 2.38296 255 255 255
0.282793 0.352104 2.38854 255 255 255
0.278721 0.233318 2.35191 255 255 255
0.277953 0.150068 2.33728 255 255 255
0.279587 0.223883 2.35087 255 255 255
0.287267 -0.288649 2.41533 255 255 255
0.284868 0.362699 2.39496 255 255 255
0.286624 0.399947 2.4095 255 255 255
0.278337 0.163962 2.33951 255 255 255
0.27838 0.141998 2.33644 255 255 255
0.284193 0.337435 2.38377 255 255 255
0.283816 0.323251 2.37881 255 255 255
0.283528 0.314169 2.3762 255 255 255
0.28777 0.402944 2.41141 255 255 255
0.285756 0.358874 2.393 255 255 255
0.289036 0.419111 2.41965 255 255 255
0.279629 0.155609 2.33878 255 255 255
0.279734 0.156033 2.3386 255 255 255
0.279734 0.156033 2.3386 255 255 255
0.287908 0.380134 2.40605 255 255 255
0.279898 0.150211 2.33822 255 255 255
0.290321 0.421791 2.42064 255 255 255
0.290321 0.421791 2.42064 255 255 255
0.287961 -0.267937 2.39886 255 255 255
0.284573 -0.218315 2.37052 255 255 255
0.282533 0.22812 2.35283 255 255 255
0.282497 0.224446 2.35226 255 255 255
0.286088 0.328814 2.3821 255 255 255
0.286019 -0.236485 2.38046 255 255 255
0.287668 -0.255098 2.39251 255 255 255
0.281817 0.142575 2.33808 255 255 255
0.290213 -0.271172 2.4037 255 255 255
0.286929 0.306543 2.37601 255 255 255
0.282559 0.148384 2.33934 255 255 255
0.28835 -0.240965 2.38411 255 255 255
0.292593 0.404242 2.41441 255 255 255
0.284139 0.154405 2.34102 255 255 255
0.283329 0.068674 2.33135 255 255 255
0.291159 -0.257336 2.39524 255 255 255
0.306415 0.582731 2.5175 255 255 255
0.284937 0.147418 2.34062 255 255 255
0.297017 0.440531 2.43343 255 255 255
0.287599 0.228792 2.3556 255 255 255
0.285022 0.0817192 2.33399 255 255 255
0.286895 0.166545 2.34452 255 255 255
0.293479 -0.258935 2.39762 255 255 255
0.291225 0.306659 2.37844 255 255 255
0.28863 -0.176229 2.35594 255 255 255
0.290716 -0.211942 2.37094 255 255 255
0.286855 0.132418 2.33932 255 255 255
0.286287 0.0725127 2.33354 255 255 255
0.288885 0.218039 2.35456 255 255 255
0.299449 0.453218 2.44026 255 255 255
0.29349 -0.2449 2.3898 255 255 255
0.286517 0.0640155 2.33271 255 255 255
0.292815 0.319195 2.38284 255 255 255
0.297107 0.403077 2.41715 255 255 255
0.286862 0.0596342 2.3336 255 255 255
0.29908 -0.299026 2.43103 255 255 255
0.287285 0.0748979 2.33386 255 255 255
0.288466 0.155175 2.34339 255 255 255
0.288561 0.151438 2.34305 255 255 255
0.293334 -0.227467 2.38016 255 255 255
0.287632 0.0477352 2.33281 255 255 255
0.288029 0.0122798 2.33207 255 255 255
0.288187 0.0223294 2.33224 255 255 255
0.299735 0.419099 2.42487 255 255 255
0.293603 -0.216043 2.37409 255 255 255
0.310162 0.560973 2.5073 255 255 255
0.289026 0.0789969 2.3356 255 255 255
0.291925 -0.179351 2.35865 255 255 255
0.297162 -0.258169 2.40075 255 255 255
0.296321 0.34252 2.39353 255 255 255
0.296433 -0.246057 2.39177 255 255 255
0.295499 0.312215 2.38274 255 255 255
0.300243 0.407414 2.42051 255 255 255
0.300243 0.407414 2.42051 255 255 255
0.326433 0.690769 2.63082 255 255 255
0.296291 -0.236396 2.38685 255 255 255
0.291462 0.166662 2.34701 255 255 255
0.299604 0.388318 2.41237 255 255 255
0.297886 0.345619 2.39541 255 255 255
0.302149 -0.29324 2.42962 255 255 255
0.290448 0.046702 2.33406 255 255 255
0.296418 0.307609 2.38202 255 255 255
0.292255 0.155314 2.34573 255 255 255
0.292372 0.160736 2.34655 255 255 255
0.291604 0.0834762 2.33754 255 255 255
0.291228 0.0114031 2.3341 255 255 255
0.291785 0.0803373 2.33707 255 255 255
0.295325 -0.1835 2.36234 255 255 255
0.297095 -0.217353 2.37626 255 255 255
0.297601 0.290691 2.37651 255 255 255
0.308169 0.480741 2.45898 255 255 255
0.292976 -0.0020055 2.33489 255 255 255
0.304744 0.414264 2.42711 255 255 255
0.304744 0.414264 2.42711 255 255 255
0.302894 0.380627 2.41159 255 255 255
0.297138 -0.178454 2.36139 255 255 255
0.304195 0.386682 2.41447 255 255 255
0.294968 0.0715568 2.33992 255 255 255
0.301247 -0.234491 2.38828 255 255 255
0.306286 0.420133 2.4276 255 255 255
0.319459 0.586769 2.53138 255 255 255
0.319459 0.586769 2.53138 255 255 255
0.310467 0.477313 2.45885 255 255 255
0.29538 0.0787276 2.33916 255 255 255
0.299429 -0.201123 2.3706 255 255 255
0.300428 0.287039 2.37814 255 255 255
0.296798 0.148462 2.3482 255 255 255
0.299522 -0.19131 2.36713 255 255 255
0.301978 -0.228446 2.38561 255 255 255
0.296035 0.0277824 2.33619 255 255 255
0.301639 -0.21803 2.3795 255 255 255
0.299143 0.211988 2.35954 255 255 255
0.299143 0.211988 2.35954 255 255 255
0.299255 0.207488 2.35873 255 255 255
0.302626 0.301715 2.3843 255 255 255
0.299129 0.196956 2.3566 255 255 255
0.304951 0.345803 2.39957 255 255 255
0.306847 0.380626 2.41433 255 255 255
0.303141 -0.2251 2.38437 255 255 255
0.308982 0.415691 2.4299 255 255 255
0.30279 -0.215377 2.3794 255 255 255
0.308108 0.391307 2.41789 255 255 255
0.298315 0.0600045 2.33955 255 255 255
0.301567 -0.179295 2.36445 255 255 255
0.305163 -0.236814 2.39218 255 255 255
0.301492 0.22072 2.362 255 255 255
0.299021 0.0292784 2.3382 255 255 255
0.2991 0.0253575 2.33821 255 255 255
0.2991 0.0253575 2.33821 255 255 255
0.299168 0.0633169 2.33866 255 255 255
0.316232 0.490082 2.46954 255 255 255
0.306193 0.317149 2.39104 255 255 255
0.306193 0.317149 2.39104 255 255 255
0.299718 0.0786734 2.33996 255 255 255
0.307933 0.350419 2.403 255 255 255
0.305058 -0.214912 2.38052 255 255 255
0.299831 0.0221322 2.33875 255 255 255
0.303343 0.230042 2.36539 255 255 255
0.306318 0.301402 2.38615 255 255 255
0.304182 -0.184389 2.36778 255 255 255
0.308044 -0.235888 2.39376 255 255 255
0.310323 -0.26256 2.41034 255 255 255
0.318094 0.485318 2.46851 255 255 255
0.304433 0.191892 2.3591 255 255 255
0.31233 0.38785 2.41996 255 255 255
0.302145 0.0263062 2.33963 255 255 255
0.302169 0.0262776 2.33955 255 255 255
0.311366 0.353372 2.40665 255 255 255
0.305435 0.168511 2.35496 255 255 255
0.312098 -0.25273 2.40586 255 255 255
0.31223 0.350215 2.40584 255 255 255
0.31223 0.350215 2.40584 255 255 255
0.304198 0.0632095 2.34276 255 255 255
0.310469 -0.226242 2.38985 255 255 255
0.311237 0.319732 2.39461 255 255 255
0.304692 0.0788441 2.34421 255 255 255
0.310518 -0.222385 2.38849 255 255 255
0.316328 0.407192 2.43288 255 255 255
0.310653 0.303295 2.38923 255 255 255
0.304427 0.0140437 2.34117 255 255 255
0.307788 0.221759 2.36695 255 255 255
0.304419 0.00851222 2.34102 255 255 255
0.31227 -0.240462 2.39899 255 255 255
0.304907 0.00190706 2.34151 255 255 255
0.322243 0.488119 2.47386 255 255 255
0.311381 0.297206 2.38948 255 255 255
0.307667 0.192559 2.36064 255 255 255
0.316165 0.389211 2.42385 255 255 255
0.311146 -0.216386 2.38519 255 255 255
0.311549 0.290368 2.38697 255 255 255
0.307406 0.148711 2.3537 255 255 255
0.306213 0.0335778 2.34263 255 255 255
0.313123 0.316001 2.39385 255 255 255
0.313123 0.316001 2.39385 255 255 255
0.322128 0.452041 2.46131 255 255 255
0.306692 -0.000239214 2.34238 255 255 255
0.306692 -0.000239214 2.34238 255 255 255
0.323636 0.482623 2.47167 255 255 255
0.381382 -0.764144 2.91246 255 255 255
0.309389 -0.157052 2.36281 255 255 255
0.30972 -0.159975 2.36397 255 255 255
0.315662 -0.252738 2.40856 255 255 255
0.318008 0.384305 2.42348 255 255 255
0.318815 0.397666 2.4292 255 255 255
0.30782 0.061175 2.34493 255 255 255
0.310219 0.191898 2.36293 255 255 255
0.309329 0.159201 2.35596 255 255 255
0.313884 -0.221361 2.38953 255 255 255
0.309389 0.155157 2.35527 255 255 255
0.311319 0.223606 2.36943 255 255 255
0.311319 0.223606 2.36943 255 255 255
0.308216 0.0365438 2.34376 255 255 255
0.32705 0.507305 2.48431 255 255 255
0.309006 0.0823893 2.34514 255 255 255
0.31193 -0.158931 2.36495 255 255 255
0.30939 0.0568607 2.3454 255 255 255
0.312359 -0.157825 2.36539 255 255 255
0.309911 0.0772969 2.34672 255 255 255
0.380192 -0.664472 2.87786 255 255 255
0.321169 0.394273 2.42945 255 255 255
0.311555 0.151622 2.35551 255 255 255
0.328436 0.490301 2.47991 255 255 255
0.312327 0.154149 2.35692 255 255 255
0.319634 -0.252154 2.41062 255 255 255
0.310922 0.011557 2.34453 255 255 255
0.320493 -0.26135 2.41632 255 255 255
0.321618 0.371708 2.42231 255 255 255
0.314573 0.179391 2.36365 255 255 255
0.315746 0.22461 2.37191 255 255 255
0.33625 0.556716 2.52527 255 255 255
0.317185 0.260933 2.38117 255 255 255
0.319176 0.299585 2.39363 255 255 255
0.312865 0.00221595 2.3451 255 255 255
0.314924 0.161932 2.35948 255 255 255
0.324351 0.388961 2.42948 255 255 255
0.317339 -0.18176 2.3762 255 255 255
0.316913 0.222562 2.37204 255 255 255
0.316232 0.194476 2.3664 255 255 255
0.31737 0.237668 2.3741 255 255 255
0.325986 0.394717 2.43402 255 255 255
0.330488 0.452305 2.46685 255 255 255
0.318275 0.226949 2.37419 255 255 255
0.321229 -0.223539 2.39597 255 255 255
0.325091 0.363357 2.41994 255 255 255
0.315326 0.0621405 2.34665 255 255 255
0.318232 0.193098 2.36731 255 255 255
0.318232 0.193098 2.36731 255 255 255
0.325742 0.368124 2.42197 255 255 255
0.32221 0.293754 2.39441 255 255 255
0.325856 -0.259453 2.41988 255 255 255
0.319884 0.218086 2.37357 255 255 255
0.318139 0.155951 2.36012 255 255 255
0.319545 0.188484 2.36815 255 255 255
0.31732 0.0504865 2.34967 255 255 255
0.334727 0.477788 2.47837 255 255 255
0.333667 0.455393 2.46995 255 255 255
0.324823 0.318944 2.40399 255 255 255
0.324211 0.305178 2.39898 255 255 255
0.320193 0.195446 2.36925 255 255 255
0.324596 -0.22935 2.40117 255 255 255
0.317551 -0.00315264 2.34903 255 255 255
0.326832 0.340863 2.41239 255 255 255
0.320843 -0.149751 2.36816 255 255 255
0.334372 0.447766 2.46653 255 255 255
0.318509 0.000472393 2.34893 255 255 255
0.318536 0.000618892 2.34884 255 255 255
0.325243 0.299917 2.39795 255 255 255
0.32196 0.211724 2.3735 255 255 255
0.333733 0.434128 2.46005 255 255 255
0.320949 0.173241 2.36525 255 255 255
0.335426 0.458521 2.47175 255 255 255
0.329773 0.379874 2.42925 255 255 255
0.322248 0.204289 2.37204 255 255 255
0.32701 -0.236136 2.40685 255 255 255
0.323946 -0.190786 2.38308 255 255 255
0.338162 0.487041 2.48613 255 255 255
0.319899 -0.00700099 2.35058 255 255 255
0.323754 -0.170152 2.37548 255 255 255
0.335971 0.437892 2.46324 255 255 255
0.323422 0.193263 2.37056 255 255 255
0.338052 -0.313752 2.47505 255 255 255
0.331285 -0.260518 2.42472 255 255 255
0.321643 0.0456944 2.35175 255 255 255
0.330801 -0.250773 2.41747 255 255 255
0.33663 0.428661 2.45976 255 255 255
0.328538 -0.219166 2.39848 255 255 255
0.326424 -0.184427 2.38231 255 255 255
0.326424 -0.184427 2.38231 255 255 255
0.326615 0.246175 2.38368 255 255 255
0.326615 0.246175 2.38368 255 255 255
0.325955 0.224846 2.37709 255 255 255
0.334171 -0.274995 2.43684 255 255 255
0.324623 0.152619 2.36429 255 255 255
0.330526 -0.228823 2.40591 255 255 255
0.325174 0.167917 2.36691 255 255 255
0.329998 -0.222456 2.40115 255 255 255
0.332986 0.356321 2.42219 255 255 255
0.332986 0.356321 2.42219 255 255 255
0.327631 0.231311 2.38084 255 255 255
0.334888 0.379808 2.43343 255 255 255
0.329004 -0.200458 2.38937 255 255 255
0.329216 -0.195316 2.38775 255 255 255
0.328037 0.21748 2.3786 255 255 255
0.341555 0.459131 2.47529 255 255 255
0.328539 0.223551 2.38037 255 255 255
0.394616 -0.490892 2.85885 255 255 255
0.328361 0.213039 2.37783 255 255 255
0.329649 0.24844 2.38682 255 255 255
0.331934 0.294689 2.40039 255 255 255
0.334862 0.347899 2.42052 255 255 255
0.333004 -0.223448 2.40383 255 255 255
0.336419 -0.26025 2.42841 255 255 255
0.330802 -0.180017 2.38335 255 255 255
0.329034 0.165705 2.36936 255 255 255
0.327396 0.0357055 2.35511 255 255 255
0.327878 0.0764569 2.35791 255 255 255
0.338969 0.375354 2.43354 255 255 255
0.332271 -0.18332 2.38515 255 255 255
0.331064 -0.158252 2.37565 255 255 255
0.332106 -0.172917 2.38174 255 255 255
0.330967 0.177588 2.3725 255 255 255
0.338025 -0.24811 2.42145 255 255 255
0.330581 0.153115 2.36812 255 255 255
0.329431 0.0731568 2.3586 255 255 255
0.332868 0.22391 2.3832 255 255 255
0.331442 0.165624 2.37057 255 255 255
0.341412 -0.268261 2.4366 255 255 255
0.332651 0.159479 2.37069 255 255 255
0.333387 0.154325 2.37003 255 255 255
0.335297 -0.163992 2.38171 255 255 255
0.337315 0.240677 2.39009 255 255 255
0.347753 0.418903 2.46191 255 255 255
0.349532 0.431896 2.47021 255 255 255
0.33877 0.248985 2.39242 255 255 255
0.337496 -0.163616 2.38316 255 255 255
0.342294 0.317613 2.41503 255 255 255
0.339796 -0.189757 2.39348 255 255 255
0.343042 0.302964 2.41047 255 255 255
0.336381 0.0693857 2.36235 255 255 255
0.351727 0.428198 2.46832 255 255 255
0.344649 -0.234368 2.41826 255 255 255
0.34386 0.29423 2.40954 255 255 255
0.34386 0.29423 2.40954 255 255 255
0.349747 0.38608 2.44932 255 255 255
0.342391 0.255194 2.39679 255 255 255
0.346225 -0.236849 2.42107 255 255 255
0.344221 -0.209875 2.40462 255 255 255
0.346195 0.309947 2.4146 255 255 255
0.354857 0.432084 2.47466 255 255 255
0.34668 0.315455 2.4174 255 255 255
0.354553 0.425702 2.47014 255 255 255
0.344526 0.261594 2.39993 255 255 255
0.346825 0.300606 2.41289 255 255 255
0.350693 0.373232 2.43879 255 255 255
0.35599 0.432707 2.47449 255 255 255
0.35599 0.432707 2.47449 255 255 255
0.35504 0.415332 2.46551 255 255 255
0.348789 0.31724 2.41949 255 255 255
0.348789 0.31724 2.41949 255 255 255
0.346833 -0.206685 2.40551 255 255 255
0.348132 -0.219584 2.41326 255 255 255
0.416259 -0.724541 2.87744 255 255 255
0.34222 -0.0298256 2.36543 255 255 255
0.351744 -0.243958 2.42994 255 255 255
0.343173 -0.0582931 2.36822 255 255 255
0.350462 -0.223666 2.41691 255 255 255
0.347903 0.247349 2.39875 255 255 255
0.343724 0.00993856 2.36497 255 255 255
0.352562 0.322192 2.4238 255 255 255
0.368965 0.525246 2.53651 255 255 255
0.357975 0.402175 2.46081 255 255 255
0.354429 -0.24991 2.4359 255 255 255
0.351047 -0.214054 2.41201 255 255 255
0.352812 0.317392 2.42213 255 255 255
0.352812 0.317392 2.42213 255 255 255
0.345228 0.0737479 2.36927 255 255 255
0.348341 0.206225 2.38922 255 255 255
0.348758 0.212269 2.39095 255 255 255
0.352776 0.293285 2.41791 255 255 255
0.354982 0.338071 2.4309 255 255 255
0.354312 -0.230263 2.42297 255 255 255
0.353794 -0.22233 2.41863 255 255 255
0.346302 0.00121135 2.36687 255 255 255
0.346308 0.00749488 2.36661 255 255 255
0.355212 0.325376 2.42731 255 255 255
0.346806 0.0779634 2.36947 255 255 255
0.371746 0.526066 2.5395 255 255 255
0.347122 0.0754546 2.37004 255 255 255
0.346917 -0.0210463 2.36809 255 255 255
0.358429 -0.25507 2.44236 255 255 255
0.361407 -0.277436 2.46178 255 255 255
0.353175 -0.19102 2.40394 255 255 255
0.34807 0.00408599 2.36804 255 255 255
0.348212 -0.0160589 2.36895 255 255 255
0.354374 -0.202754 2.40889 255 255 255
0.352466 -0.16994 2.39457 255 255 255
0.356937 0.315011 2.42474 255 255 255
0.356937 0.315011 2.42474 255 255 255
0.36184 0.382737 2.45529 255 255 255
0.349062 0.0134935 2.36861 255 255 255
0.353154 0.222757 2.39628 255 255 255
0.351822 0.177738 2.38648 255 255 255
0.358268 -0.234642 2.42878 255 255 255
0.372103 0.490537 2.51872 255 255 255
0.358858 0.316072 2.42833 255 255 255
0.358185 0.310512 2.42376 255 255 255
0.354966 -0.175121 2.39997 255 255 255
0.358349 0.306478 2.42241 255 255 255
0.359475 0.319309 2.42806 255 255 255
0.351063 0.00416212 2.37029 255 255 255
0.361621 -0.247219 2.4405 255 255 255
0.360212 0.324824 2.43079 255 255 255
0.351503 0.0195154 2.37055 255 255 255
0.356609 0.222869 2.3989 255 255 255
0.35868 0.268273 2.41197 255 255 255
0.355846 0.194482 2.39249 255 255 255
0.364388 -0.250598 2.4443 255 255 255
0.365974 0.37032 2.45292 255 255 255
0.363905 0.336629 2.43862 255 255 255
0.362083 0.308179 2.4261 255 255 255
0.3638 -0.234302 2.43349 255 255 255
0.381172 0.524829 2.54947 255 255 255
0.364656 0.323169 2.43449 255 255 255
0.356133 0.0729446 2.37586 255 255 255
0.360009 0.219623 2.40033 255 255 255
0.355849 0.00960819 2.37246 255 255 255
0.358908 0.15529 2.38769 255 255 255
0.36648 0.32544 2.43631 255 255 255
0.36687 0.320109 2.43436 255 255 255
0.360177 0.160063 2.38831 255 255 255
0.365263 0.285116 2.41871 255 255 255
0.365263 0.285116 2.41871 255 255 255
0.368044 -0.224666 2.43088 255 255 255
0.364537 -0.175445 2.40689 255 255 255
0.3664 0.249622 2.41453 255 255 255
0.369602 0.315831 2.43529 255 255 255
0.439251 -0.774486 2.89265 255 255 255
0.369307 0.302863 2.43141 255 255 255
0.363176 0.154362 2.39058 255 255 255
0.373307 0.356375 2.45436 255 255 255
0.376954 0.404364 2.47821 255 255 255
0.372384 0.332296 2.44344 255 255 255
0.367169 -0.17185 2.40885 255 255 255
0.367005 -0.163409 2.40463 255 255 255
0.362863 0.0244733 2.37639 255 255 255
0.372199 -0.226168 2.43542 255 255 255
0.369273 -0.180111 2.41548 255 255 255
0.368836 -0.176455 2.41011 255 255 255
0.366408 0.156155 2.39328 255 255 255
0.366469 0.152052 2.39284 255 255 255
0.369433 -0.180618 2.41203 255 255 255
0.377346 0.368216 2.46226 255 255 255
0.381761 -0.284643 2.4885 255 255 255
0.384925 -0.302676 2.50734 255 255 255
0.365834 0.0754283 2.38285 255 255 255
0.374662 -0.228888 2.43936 255 255 255
0.367828 0.160612 2.39468 255 255 255
0.367828 0.160612 2.39468 255 255 255
0.386819 0.461865 2.51627 255 255 255
0.36635 0.0390233 2.38311 255 255 255
0.377127 0.328942 2.44609 255 255 255
0.369372 0.154495 2.39493 255 255 255
0.37402 0.260036 2.42225 255 255 255
0.377612 -0.23497 2.44534 255 255 255
0.372459 0.231997 2.41131 255 255 255
0.391134 0.45959 2.52035 255 255 255
0.391134 0.45959 2.52035 255 255 255
0.374992 -0.170512 2.4132 255 255 255
0.375704 0.238767 2.41722 255 255 255
0.375218 -0.164297 2.41171 255 255 255
0.371521 0.024072 2.38418 255 255 255
0.374399 0.173122 2.40202 255 255 255
0.38979 -0.288111 2.50077 255 255 255
0.381135 -0.224393 2.4448 255 255 255
0.373925 0.15522 2.39799 255 255 255
0.374303 0.166413 2.40023 255 255 255
0.384017 0.343334 2.45803 255 255 255
0.379647 0.235522 2.41891 255 255 255
0.385088 0.330516 2.45228 255 255 255
0.387668 0.358351 2.46707 255 255 255
0.385819 0.327375 2.45401 255 255 255
0.378242 0.17444 2.4043 255 255 255
0.376057 0.051403 2.38977 255 255 255
0.378477 0.166368 2.40268 255 255 255
0.37684 0.0636215 2.39017 255 255 255
0.389225 0.336326 2.45941 255 255 255
0.37832 0.0485428 2.39004 255 255 255
0.379272 0.0544792 2.39082 255 255 255
0.398835 0.427265 2.51169 255 255 255
0.382584 0.164197 2.40601 255 255 255
0.389754 -0.21951 2.44658 255 255 255
0.383568 0.162636 2.40645 255 255 255
0.383924 0.170314 2.40819 255 255 255
0.381883 0.0804123 2.39455 255 255 255
0.388146 0.252488 2.4305 255 255 255
0.394915 0.345813 2.46875 255 255 255
0.385952 0.177487 2.41175 255 255 255
0.383654 0.0714853 2.3949 255 255 255
0.386866 0.186581 2.41382 255 255 255
0.384152 0.0462065 2.39415 255 255 255
0.386482 0.155059 2.40764 255 255 255
0.393611 0.304259 2.45133 255 255 255
0.385058 0.0645854 2.39521 255 255 255
0.385414 0.0567866 2.39595 255 255 255
0.386476 0.0694048 2.3969 255 255 255
0.392062 0.0624503 2.4014 255 255 255
0.39229 0.053408 2.40105 255 255 255
0.401124 0.233018 2.43591 255 255 255
0.405093 -0.211502 2.45667 255 255 255
0.476788 -0.641766 2.89 255 255 255
0.397992 0.0439157 2.40516 255 255 255
0.398354 0.0714378 2.40693 255 255 255
0.40061 0.156585 2.41983 255 255 255
0.408606 -0.210209 2.45953 255 255 255
0.405489 0.226529 2.43837 255 255 255
0.419336 0.395352 2.5159 255 255 255
0.404174 0.16533 2.42438 255 255 255
0.406037 0.208692 2.43461 255 255 255
0.406901 0.180794 2.42945 255 255 255
0.482846 -0.684918 2.88021 255 255 255
0.409866 -0.169207 2.44298 255 255 255
0.467941 -0.396196 2.78662 255 255 255
0.492425 -0.835203 2.92804 255 255 255
0.49272 -0.831291 2.92634 255 255 255
0.406929 0.0738729 2.41419 255 255 255
0.407458 0.0665467 2.41671 255 255 255
0.420889 -0.247085 2.49607 255 255 255
0.412242 0.220402 2.4418 255 255 255
0.415052 -0.159604 2.44492 255 255 255
0.410429 0.0128001 2.41558 255 255 255
0.419057 -0.195717 2.46308 255 255 255
0.49084 -0.698769 2.87853 255 255 255
0.412163 0.00778111 2.41696 255 255 255
0.500197 -0.834405 2.92508 255 255 255
0.413483 0.0128118 2.41807 255 255 255
0.429138 -0.251948 2.50845 255 255 255
0.425944 -0.22588 2.48726 255 255 255
0.497788 -0.799543 2.8981 255 255 255
0.422059 -0.171067 2.45529 255 255 255
0.421847 -0.164675 2.45244 255 255 255
0.505166 -0.848318 2.92858 255 255 255
0.49724 -0.705492 2.87925 255 255 255
0.42411 -0.139428 2.44726 255 255 255
0.427893 -0.187819 2.46858 255 255 255
0.420892 0.0726544 2.42701 255 255 255
0.420487 0.0180464 2.42419 255 255 255
0.422542 0.0153373 2.42618 255 255 255
0.429619 -0.168083 2.46205 255 255 255
0.434803 0.297326 2.48989 255 255 255
0.434876 0.297396 2.48957 255 255 255
0.424843 0.0722651 2.4306 255 255 255
0.444285 -0.258696 2.53413 255 255 255
0.433305 -0.176418 2.4685 255 255 255
0.434034 -0.18473 2.47232 255 255 255
0.433584 -0.172576 2.4679 255 255 255
0.427721 0.071123 2.43311 255 255 255
0.433628 -0.16863 2.46653 255 255 255
0.438236 -0.209861 2.48967 255 255 255
0.427975 0.0169961 2.43112 255 255 255
0.428692 0.00397103 2.4319 255 255 255
0.428692 0.00397103 2.4319 255 255 255
0.434007 -0.153865 2.46096 255 255 255
0.432869 0.183333 2.45369 255 255 255
0.429672 0.0199707 2.43327 255 255 255
0.433251 -0.121657 2.45141 255 255 255
0.432922 -0.109928 2.44937 255 255 255
0.495641 -0.377774 2.79497 255 255 255
0.436937 -0.140747 2.46125 255 255 255
0.441427 0.272338 2.48631 255 255 255
0.439799 -0.174889 2.47439 255 255 255
0.44135 -0.17104 2.47798 255 255 255
0.433955 0.00968788 2.4354 255 255 255
0.43469 0.052528 2.43891 255 255 255
0.441072 -0.163351 2.47197 255 255 255
0.441072 -0.163351 2.47197 255 255 255
0.438917 0.139261 2.45392 255 255 255
0.436754 0.0117219 2.43959 255 255 255
0.446378 0.275065 2.49235 255 255 255
0.43833 0.102152 2.44605 255 255 255
0.437538 0.0505332 2.44134 255 255 255
0.446088 -0.17805 2.48349 255 255 255
0.438674 0.0138398 2.44113 255 255 255
0.439781 0.0730869 2.4448 255 255 255
0.441852 -0.102061 2.45587 255 255 255
0.440057 0.0646867 2.44467 255 255 255
0.440214 0.00856596 2.44216 255 255 255
0.441855 0.102898 2.45116 255 255 255
0.448165 -0.167536 2.48141 255 255 255
0.441539 0.0244089 2.44396 255 255 255
0.447563 -0.14327 2.47199 255 255 255
0.443158 -0.00770438 2.44679 255 255 255
0.446539 0.154592 2.4629 255 255 255
0.444717 0.0566722 2.44642 255 255 255
0.453602 -0.173184 2.4909 255 255 255
0.524335 -0.751929 2.87916 255 255 255
0.446245 0.0472274 2.44879 255 255 255
0.534017 -0.849053 2.9289 255 255 255
0.448315 0.11843 2.45755 255 255 255
0.525989 -0.768506 2.8804 255 255 255
0.450335 -0.0946876 2.46553 255 255 255
0.459504 -0.198632 2.50797 255 255 255
0.453587 0.0704973 2.45912 255 255 255
0.462412 -0.17969 2.50257 255 255 255
0.456666 -0.0862817 2.46945 255 255 255
0.46654 0.28455 2.52176 255 255 255
0.455873 0.0551224 2.46028 255 255 255
0.534468 -0.77177 2.88172 255 255 255
0.45608 0.026881 2.45879 255 255 255
0.459464 0.157223 2.47663 255 255 255
0.456934 0.0728586 2.46229 255 255 255
0.534858 -0.767848 2.88188 255 255 255
0.459336 0.145965 2.47481 255 255 255
0.457525 0.0660191 2.46277 255 255 255
0.457528 0.0506866 2.45879 255 255 255
0.459373 0.0676999 2.46547 255 255 255
0.460234 0.0317564 2.46331 255 255 255
0.460067 0.0177299 2.46232 255 255 255
0.550042 -0.849245 2.93378 255 255 255
0.465572 0.153893 2.48284 255 255 255
0.469921 0.199966 2.49753 255 255 255
0.544281 -0.772961 2.88341 255 255 255
0.5547 -0.845582 2.93593 255 255 255
0.545888 -0.769456 2.88329 255 255 255
0.469814 -0.0520872 2.47943 255 255 255
0.472495 0.155161 2.49072 255 255 255
0.475292 -0.107988 2.49463 255 255 255
0.474618 -0.0870115 2.48994 255 255 255
0.473311 0.0707173 2.48092 255 255 255
0.473817 -0.0431885 2.48261 255 255 255
0.475948 -0.0952281 2.49202 255 255 255
0.481741 -0.153298 2.5166 255 255 255
0.483095 -0.146603 2.51534 255 255 255
0.564931 -0.852259 2.93966 255 255 255
0.48321 0.189722 2.51165 255 255 255
0.487195 -0.163783 2.52745 255 255 255
0.5687 -0.859103 2.94179 255 255 255
0.557808 -0.766917 2.8816 255 255 255
0.481924 -0.015926 2.48922 255 255 255
0.569825 -0.851957 2.94061 255 255 255
0.563156 -0.803056 2.89291 255 255 255
0.485663 0.0465113 2.4933 255 255 255
0.56335 -0.773291 2.88148 255 255 255
0.564049 -0.78454 2.88321 255 255 255
0.561875 -0.709599 2.86559 255 255 255
0.561875 -0.709599 2.86559 255 255 255
0.489814 0.0221946 2.49759 255 255 255
0.491895 0.00323526 2.50023 255 255 255
0.494534 0.00945388 2.50366 255 255 255
0.499952 0.0731699 2.51302 255 255 255
0.57548 -0.756698 2.87541 255 255 255
0.5767 -0.767047 2.87879 255 255 255
0.507919 0.0123201 2.52006 255 255 255
0.59666 -0.847073 2.93853 255 255 255
0.600289 -0.852639 2.94096 255 255 255
0.589537 -0.7985 2.88225 255 255 255
0.592715 -0.751792 2.87366 255 255 255
0.595556 -0.776023 2.87745 255 255 255
0.597583 -0.793457 2.88348 255 255 255
0.596558 -0.754828 2.87319 255 255 255
0.599009 -0.751581 2.87442 255 255 255
0.60319 -0.785043 2.88227 255 255 255
0.60319 -0.785043 2.88227 255 255 255
0.606206 -0.801028 2.88693 255 255 255
0.610245 -0.773617 2.88295 255 255 255
0.616508 -0.762039 2.88003 255 255 255
0.617177 -0.753762 2.87898 255 255 255
0.61879 -0.778144 2.88604 255 255 255
0.639649 -0.845747 2.95674 255 255 255
0.640867 -0.604243 2.94519 255 255 255
0.633903 -0.786349 2.89079 255 255 255
0.643381 -0.785624 2.89077 255 255 255
